date,area,area_th,center_lat,center_lon,ndvi_probable_cane,ndvi_other_cropland,ndvi_all_cropland,valid_frac_probable_cane,valid_frac_other,outlier_low,scene_cloud_pct,scene_ids
2023-10-10,Kranuan,น้ำพอง–กระนวน (รอยต่อ),16.6737,103.0261,0.5953,0.5683,0.5688,0.9501,0.9531,False,75.3981,S2A_MSIL2A_20231010T032641_R018_T48QTD_20241121T071225;S2A_MSIL2A_20231010T032641_R018_T48QTD_20231010T090822
2023-10-15,Kranuan,น้ำพอง–กระนวน (รอยต่อ),16.6737,103.0261,0.6067,,0.6061,0.7383,0.5706,False,19.7392,S2B_MSIL2A_20231015T032719_R018_T48QTD_20241121T095559;S2B_MSIL2A_20231015T032719_R018_T48QTD_20231015T082847
2023-10-20,Kranuan,น้ำพอง–กระนวน (รอยต่อ),16.6737,103.0261,0.5791,0.6601,0.5951,0.9416,0.9039,False,22.3649,S2A_MSIL2A_20231020T032741_R018_T48QTD_20241112T194714;S2A_MSIL2A_20231020T032741_R018_T48QTD_20231020T082142
2023-10-23,Kranuan,น้ำพอง–กระนวน (รอยต่อ),16.6737,103.0261,0.5698,0.6311,0.5785,0.9123,0.8379,False,17.2774,S2A_MSIL2A_20231023T033811_R061_T48QTD_20231023T091913
2023-10-25,Kranuan,น้ำพอง–กระนวน (รอยต่อ),16.6737,103.0261,0.4919,0.527,0.497,0.8211,0.7464,False,81.7192,S2B_MSIL2A_20231025T032819_R018_T48QTD_20241121T103837;S2B_MSIL2A_20231025T032819_R018_T48QTD_20231025T072414
2023-10-30,Kranuan,น้ำพอง–กระนวน (รอยต่อ),16.6737,103.0261,0.3863,0.4306,0.4011,0.7652,0.7735,True,66.6537,S2A_MSIL2A_20231030T032851_R018_T48QTD_20231030T081842
2023-11-02,Kranuan,น้ำพอง–กระนวน (รอยต่อ),16.6737,103.0261,0.5544,0.6032,0.5589,1.0,0.9992,False,7.4071,S2A_MSIL2A_20231102T033911_R061_T48QTD_20241111T042929;S2A_MSIL2A_20231102T033911_R061_T48QTD_20231102T111931
2023-11-04,Kranuan,น้ำพอง–กระนวน (รอยต่อ),16.6737,103.0261,0.5549,0.5718,0.5398,0.7475,0.6715,False,21.8675,S2B_MSIL2A_20231104T032919_R018_T48QTD_20231104T073502
2023-11-07,Kranuan,น้ำพอง–กระนวน (รอยต่อ),16.6737,103.0261,0.368,,0.3827,0.6381,0.5594,True,35.7308,S2B_MSIL2A_20231107T033939_R061_T48QTD_20241023T095412
2023-11-12,Kranuan,น้ำพอง–กระนวน (รอยต่อ),16.6737,103.0261,0.4145,0.44,0.4141,0.6895,0.8401,False,19.332,S2A_MSIL2A_20231112T034001_R061_T48QTD_20241108T223254;S2A_MSIL2A_20231112T034001_R061_T48QTD_20231112T094256
2023-11-17,Kranuan,น้ำพอง–กระนวน (รอยต่อ),16.6737,103.0261,0.4901,0.4378,0.4501,1.0,0.9997,False,15.9289,S2B_MSIL2A_20231117T034029_R061_T48QTD_20241121T103308;S2B_MSIL2A_20231117T034029_R061_T48QTD_20231117T074513
2023-11-19,Kranuan,น้ำพอง–กระนวน (รอยต่อ),16.6737,103.0261,0.4901,0.4196,0.4419,1.0,0.9997,False,11.9248,S2A_MSIL2A_20231119T033031_R018_T48QTD_20241109T063310;S2A_MSIL2A_20231119T033031_R018_T48QTD_20231119T083645
2023-11-22,Kranuan,น้ำพอง–กระนวน (รอยต่อ),16.6737,103.0261,0.4831,0.3989,0.4292,1.0,0.9991,False,11.6538,S2A_MSIL2A_20231122T034041_R061_T48QTD_20241017T020206;S2A_MSIL2A_20231122T034041_R061_T48QTD_20231122T082335
2023-11-24,Kranuan,น้ำพอง–กระนวน (รอยต่อ),16.6737,103.0261,0.4632,0.3722,0.4067,1.0,0.9997,False,14.6239,S2B_MSIL2A_20231124T033049_R018_T48QTD_20241111T145043;S2B_MSIL2A_20231124T033049_R018_T48QTD_20231124T071546
2023-12-04,Kranuan,น้ำพอง–กระนวน (รอยต่อ),16.6737,103.0261,0.4562,0.3443,0.3928,1.0,0.9992,False,1.0687,S2B_MSIL2A_20231204T033119_R018_T48QTD_20241023T142531;S2B_MSIL2A_20231204T033119_R018_T48QTD_20231204T071917
2023-12-07,Kranuan,น้ำพอง–กระนวน (รอยต่อ),16.6737,103.0261,0.4622,0.3516,0.4013,1.0,0.9991,False,9.1873,S2B_MSIL2A_20231207T034129_R061_T48QTD_20231207T074159
2023-12-09,Kranuan,น้ำพอง–กระนวน (รอยต่อ),16.6737,103.0261,0.4416,0.3336,0.3811,1.0,1.0,False,0.4709,S2A_MSIL2A_20231209T033131_R018_T48QTD_20241114T004637;S2A_MSIL2A_20231209T033131_R018_T48QTD_20231209T082024
2023-12-12,Kranuan,น้ำพอง–กระนวน (รอยต่อ),16.6737,103.0261,0.4426,0.3453,0.3875,0.9997,0.9989,False,7.1494,S2A_MSIL2A_20231212T034141_R061_T48QTD_20241113T005459;S2A_MSIL2A_20231212T034141_R061_T48QTD_20231213T031934
2023-12-14,Kranuan,น้ำพอง–กระนวน (รอยต่อ),16.6737,103.0261,0.3858,0.3057,0.3441,0.9763,0.9549,False,15.7463,S2B_MSIL2A_20231214T033139_R018_T48QTD_20231214T074602
2023-12-19,Kranuan,น้ำพอง–กระนวน (รอยต่อ),16.6737,103.0261,0.399,0.3084,0.3524,1.0,0.9994,False,11.8024,S2A_MSIL2A_20231219T033141_R018_T48QTD_20231220T115243
2023-12-22,Kranuan,น้ำพอง–กระนวน (รอยต่อ),16.6737,103.0261,0.4125,0.3195,0.3657,1.0,0.9984,False,1.969,S2A_MSIL2A_20231222T034151_R061_T48QTD_20231222T082256
2023-12-24,Kranuan,น้ำพอง–กระนวน (รอยต่อ),16.6737,103.0261,0.3999,0.3012,0.3522,1.0,1.0,False,16.4834,S2B_MSIL2A_20231224T033149_R018_T48QTD_20231224T074750
2023-12-27,Kranuan,น้ำพอง–กระนวน (รอยต่อ),16.6737,103.0261,0.3959,0.2984,0.3496,0.9994,0.9994,False,0.0003,S2B_MSIL2A_20231227T034149_R061_T48QTD_20231227T074039
2023-12-29,Kranuan,น้ำพอง–กระนวน (รอยต่อ),16.6737,103.0261,0.3836,0.2805,0.3356,1.0,1.0,False,0.0138,S2A_MSIL2A_20231229T033141_R018_T48QTD_20231229T081735
2024-01-01,Kranuan,น้ำพอง–กระนวน (รอยต่อ),16.6737,103.0261,0.3859,0.2899,0.3421,0.9994,0.9997,False,0.7743,S2A_MSIL2A_20240101T034141_R061_T48QTD_20240101T081858
2024-01-03,Kranuan,น้ำพอง–กระนวน (รอยต่อ),16.6737,103.0261,0.3854,0.2908,0.343,1.0,1.0,False,0.27,S2B_MSIL2A_20240103T033139_R018_T48QTD_20240103T080408
2024-01-06,Kranuan,น้ำพอง–กระนวน (รอยต่อ),16.6737,103.0261,0.3806,0.2967,0.3426,0.9997,0.9994,False,0.0155,S2B_MSIL2A_20240106T034139_R061_T48QTD_20240106T075411
2024-01-08,Kranuan,น้ำพอง–กระนวน (รอยต่อ),16.6737,103.0261,0.365,0.2746,0.3248,1.0,1.0,False,0.0978,S2A_MSIL2A_20240108T033121_R018_T48QTD_20240108T081439
2024-01-11,Kranuan,น้ำพอง–กระนวน (รอยต่อ),16.6737,103.0261,0.3504,0.2683,0.3154,1.0,0.9987,False,0.0017,S2A_MSIL2A_20240111T034121_R061_T48QTD_20240111T081514
2024-01-16,Kranuan,น้ำพอง–กระนวน (รอยต่อ),16.6737,103.0261,0.3733,0.2871,0.3364,0.9994,0.9984,False,2.0116,S2B_MSIL2A_20240116T034109_R061_T48QTD_20240116T091342
2024-01-18,Kranuan,น้ำพอง–กระนวน (รอยต่อ),16.6737,103.0261,0.3508,0.2713,0.3178,1.0,0.9919,False,0.0008,S2A_MSIL2A_20240118T033051_R018_T48QTD_20240118T081909
2024-01-21,Kranuan,น้ำพอง–กระนวน (รอยต่อ),16.6737,103.0261,0.3544,0.2792,0.3238,1.0,0.9803,False,12.6422,S2A_MSIL2A_20240121T034041_R061_T48QTD_20240121T121823
2024-01-23,Kranuan,น้ำพอง–กระนวน (รอยต่อ),16.6737,103.0261,0.3663,0.2822,0.3312,1.0,1.0,False,13.3169,S2B_MSIL2A_20240123T033039_R018_T48QTD_20240123T071752
2024-01-26,Kranuan,น้ำพอง–กระนวน (รอยต่อ),16.6737,103.0261,0.3454,0.2649,0.3127,0.9994,0.9956,False,0.858,S2B_MSIL2A_20240126T034029_R061_T48QTD_20240126T080742
2024-01-31,Kranuan,น้ำพอง–กระนวน (รอยต่อ),16.6737,103.0261,0.2905,0.2344,0.2681,0.9427,0.9005,False,27.6245,S2A_MSIL2A_20240131T034001_R061_T48QTD_20240131T081349
2024-02-02,Kranuan,น้ำพอง–กระนวน (รอยต่อ),16.6737,103.0261,0.3349,0.2583,0.3042,1.0,1.0,False,0.0009,S2B_MSIL2A_20240202T032949_R018_T48QTD_20240202T135749;S2B_MSIL2A_20240202T032949_R018_T48QTD_20240202T084835
2024-02-05,Kranuan,น้ำพอง–กระนวน (รอยต่อ),16.6737,103.0261,0.3473,0.2731,0.3166,1.0,0.9959,False,0.0,S2B_MSIL2A_20240205T033939_R061_T48QTD_20240205T081009
2024-02-07,Kranuan,น้ำพอง–กระนวน (รอยต่อ),16.6737,103.0261,0.3389,0.2654,0.3077,1.0,1.0,False,0.0028,S2A_MSIL2A_20240207T032921_R018_T48QTD_20240207T081737
2024-02-12,Kranuan,น้ำพอง–กระนวน (รอยต่อ),16.6737,103.0261,0.3366,0.2571,0.3033,0.9975,0.9959,False,0.0015,S2B_MSIL2A_20240212T032849_R018_T48QTD_20240212T072114
2024-02-15,Kranuan,น้ำพอง–กระนวน (รอยต่อ),16.6737,103.0261,0.3354,0.252,0.2995,0.9804,0.9715,False,0.0002,S2B_MSIL2A_20240215T033839_R061_T48QTD_20240215T081452
2024-02-17,Kranuan,น้ำพอง–กระนวน (รอยต่อ),16.6737,103.0261,0.322,0.2394,0.2866,0.9972,0.9959,False,4.8811,S2A_MSIL2A_20240217T032821_R018_T48QTD_20240217T081721
2024-02-20,Kranuan,น้ำพอง–กระนวน (รอยต่อ),16.6737,103.0261,0.2941,0.2218,0.2629,0.9901,0.9903,False,9.1846,S2A_MSIL2A_20240220T033801_R061_T48QTD_20240220T084633
2024-02-22,Kranuan,น้ำพอง–กระนวน (รอยต่อ),16.6737,103.0261,0.2995,0.2292,0.2692,1.0,1.0,False,6.221,S2B_MSIL2A_20240222T032749_R018_T48QTD_20240222T080947
2024-02-25,Kranuan,น้ำพอง–กระนวน (รอยต่อ),16.6737,103.0261,0.3139,0.2329,0.2789,1.0,1.0,False,9.5757,S2B_MSIL2A_20240225T033729_R061_T48QTD_20240225T081513
2024-02-27,Kranuan,น้ำพอง–กระนวน (รอยต่อ),16.6737,103.0261,0.3122,0.2338,0.2784,1.0,1.0,False,0.0007,S2A_MSIL2A_20240227T032711_R018_T48QTD_20240227T091454
2024-03-06,Kranuan,น้ำพอง–กระนวน (รอยต่อ),16.6737,103.0261,0.2924,0.2334,0.2696,0.8776,0.8113,False,49.8366,S2B_MSIL2A_20240306T033609_R061_T48QTD_20240306T080923
2024-03-08,Kranuan,น้ำพอง–กระนวน (รอยต่อ),16.6737,103.0261,0.3014,0.2347,0.2716,1.0,1.0,False,4.8961,S2A_MSIL2A_20240308T032601_R018_T48QTD_20240308T091544
2024-03-16,Kranuan,น้ำพอง–กระนวน (รอยต่อ),16.6737,103.0261,0.2979,0.234,0.2698,1.0,1.0,False,21.7246,S2B_MSIL2A_20240316T033539_R061_T48QTD_20240316T081225
2024-03-18,Kranuan,น้ำพอง–กระนวน (รอยต่อ),16.6737,103.0261,0.3065,0.2371,0.2749,1.0,1.0,False,20.5237,S2A_MSIL2A_20240318T032521_R018_T48QTD_20240318T091600
2024-03-21,Kranuan,น้ำพอง–กระนวน (รอยต่อ),16.6737,103.0261,0.3273,0.2543,0.2935,1.0,1.0,False,21.4658,S2A_MSIL2A_20240321T033541_R061_T48QTD_20240321T091004
2024-03-23,Kranuan,น้ำพอง–กระนวน (รอยต่อ),16.6737,103.0261,0.3173,0.2453,0.284,1.0,1.0,False,2.1197,S2B_MSIL2A_20240323T032519_R018_T48QTD_20240323T080716
2024-03-31,Kranuan,น้ำพอง–กระนวน (รอยต่อ),16.6737,103.0261,0.3008,0.2261,0.2667,1.0,1.0,False,0.0216,S2A_MSIL2A_20240331T033531_R061_T48QTD_20240331T093038
2024-04-02,Kranuan,น้ำพอง–กระนวน (รอยต่อ),16.6737,103.0261,0.309,0.2411,0.2782,1.0,1.0,False,0.0023,S2B_MSIL2A_20240402T032509_R018_T48QTD_20240402T095459
2024-04-05,Kranuan,น้ำพอง–กระนวน (รอยต่อ),16.6737,103.0261,0.2891,0.2213,0.2567,1.0,1.0,False,0.0013,S2B_MSIL2A_20240405T033529_R061_T48QTD_20240405T103943
2024-04-07,Kranuan,น้ำพอง–กระนวน (รอยต่อ),16.6737,103.0261,0.29,0.2227,0.2579,1.0,1.0,False,0.0012,S2A_MSIL2A_20240407T032511_R018_T48QTD_20240407T092013
2024-04-12,Kranuan,น้ำพอง–กระนวน (รอยต่อ),16.6737,103.0261,0.3041,0.2383,0.2728,1.0,1.0,False,0.3052,S2B_MSIL2A_20240412T032519_R018_T48QTD_20240412T074600
2024-04-15,Kranuan,น้ำพอง–กระนวน (รอยต่อ),16.6737,103.0261,0.2862,0.2215,0.2551,1.0,1.0,False,0.3437,S2B_MSIL2A_20240415T033539_R061_T48QTD_20240415T082830
2024-04-17,Kranuan,น้ำพอง–กระนวน (รอยต่อ),16.6737,103.0261,0.26,0.2104,0.2363,1.0,1.0,False,2.2408,S2A_MSIL2A_20240417T032521_R018_T48QTD_20240417T101625
2024-04-20,Kranuan,น้ำพอง–กระนวน (รอยต่อ),16.6737,103.0261,0.2822,0.2173,0.2509,1.0,1.0,False,2.4578,S2A_MSIL2A_20240420T033541_R061_T48QTD_20240420T100829
2024-04-22,Kranuan,น้ำพอง–กระนวน (รอยต่อ),16.6737,103.0261,0.2774,0.2211,0.2501,1.0,1.0,False,10.5208,S2B_MSIL2A_20240422T032519_R018_T48QTD_20240422T081855
2024-04-25,Kranuan,น้ำพอง–กระนวน (รอยต่อ),16.6737,103.0261,0.2609,0.2025,0.2324,1.0,1.0,False,10.8926,S2B_MSIL2A_20240425T033539_R061_T48QTD_20240425T081131
2024-04-27,Kranuan,น้ำพอง–กระนวน (รอยต่อ),16.6737,103.0261,0.2702,0.2083,0.2399,1.0,1.0,False,0.0004,S2A_MSIL2A_20240427T032521_R018_T48QTD_20240427T101538
2024-04-30,Kranuan,น้ำพอง–กระนวน (รอยต่อ),16.6737,103.0261,0.2665,0.2049,0.2362,1.0,1.0,False,0.1122,S2A_MSIL2A_20240430T033541_R061_T48QTD_20240430T091403
2024-05-02,Kranuan,น้ำพอง–กระนวน (รอยต่อ),16.6737,103.0261,0.2554,0.2084,0.2326,1.0,1.0,False,0.0535,S2B_MSIL2A_20240502T032519_R018_T48QTD_20240502T081650
2024-05-05,Kranuan,น้ำพอง–กระนวน (รอยต่อ),16.6737,103.0261,0.2594,0.2062,0.2335,1.0,1.0,False,0.4526,S2B_MSIL2A_20240505T033539_R061_T48QTD_20240505T081303
2024-05-10,Kranuan,น้ำพอง–กระนวน (รอยต่อ),16.6737,103.0261,0.2758,0.2077,0.244,1.0,1.0,False,28.9383,S2A_MSIL2A_20240510T033541_R061_T48QTD_20240510T092008
2024-05-12,Kranuan,น้ำพอง–กระนวน (รอยต่อ),16.6737,103.0261,0.3072,0.2115,0.2629,1.0,1.0,False,62.184,S2B_MSIL2A_20240512T032519_R018_T48QTD_20240512T081453
2024-05-20,Kranuan,น้ำพอง–กระนวน (รอยต่อ),16.6737,103.0261,0.375,0.2454,0.3152,1.0,1.0,False,33.4561,S2A_MSIL2A_20240520T033541_R061_T48QTD_20240520T101531
2024-05-30,Kranuan,น้ำพอง–กระนวน (รอยต่อ),16.6737,103.0261,0.5299,0.3623,0.4564,0.9997,0.9994,False,36.0948,S2A_MSIL2A_20240530T033541_R061_T48QTD_20240530T102247
2024-08-10,Kranuan,น้ำพอง–กระนวน (รอยต่อ),16.6737,103.0261,0.6768,0.6704,0.6757,1.0,0.9962,False,7.0728,S2B_MSIL2A_20240810T032519_R018_T48QTD_20240810T074108
2024-09-29,Kranuan,น้ำพอง–กระนวน (รอยต่อ),16.6737,103.0261,0.5777,0.6833,0.6348,1.0,1.0,False,17.2801,S2B_MSIL2A_20240929T032519_R018_T48QTD_20240929T075334
2024-10-02,Kranuan,น้ำพอง–กระนวน (รอยต่อ),16.6737,103.0261,0.5558,0.6992,0.6218,1.0,0.9987,False,79.8723,S2B_MSIL2A_20241002T033539_R061_T48QTD_20241002T075757
2024-10-04,Kranuan,น้ำพอง–กระนวน (รอยต่อ),16.6737,103.0261,0.5832,0.7115,0.6494,1.0,1.0,False,0.1482,S2A_MSIL2A_20241004T032601_R018_T48QTD_20241004T073952
2024-10-07,Kranuan,น้ำพอง–กระนวน (รอยต่อ),16.6737,103.0261,0.5463,0.6593,0.6016,0.8677,0.7719,False,16.2997,S2A_MSIL2A_20241007T033631_R061_T48QTD_20241007T075446
2024-10-09,Kranuan,น้ำพอง–กระนวน (รอยต่อ),16.6737,103.0261,0.5282,0.6875,0.6126,1.0,1.0,False,16.2353,S2B_MSIL2A_20241009T032539_R018_T48QTD_20241009T064957
2024-10-12,Kranuan,น้ำพอง–กระนวน (รอยต่อ),16.6737,103.0261,0.5063,0.6676,0.5901,1.0,1.0,False,14.658,S2B_MSIL2A_20241012T033609_R061_T48QTD_20241012T073749
2024-10-14,Kranuan,น้ำพอง–กระนวน (รอยต่อ),16.6737,103.0261,0.4943,0.6638,0.5841,1.0,1.0,False,4.7663,S2A_MSIL2A_20241014T032711_R018_T48QTD_20241014T074205
2024-10-17,Kranuan,น้ำพอง–กระนวน (รอยต่อ),16.6737,103.0261,0.4812,0.6577,0.5714,1.0,0.9975,False,67.2443,S2A_MSIL2A_20241017T033731_R061_T48QTD_20241017T074653
2024-10-22,Kranuan,น้ำพอง–กระนวน (รอยต่อ),16.6737,103.0261,0.4513,0.6678,0.5593,0.8456,0.7866,False,35.5888,S2B_MSIL2A_20241022T033719_R061_T48QTD_20241022T064409
2024-10-29,Kranuan,น้ำพอง–กระนวน (รอยต่อ),16.6737,103.0261,0.4401,0.6514,0.5496,1.0,1.0,False,30.4887,S2B_MSIL2A_20241029T032749_R018_T48QTD_20241029T062836
2024-11-03,Kranuan,น้ำพอง–กระนวน (รอยต่อ),16.6737,103.0261,0.4194,0.5889,0.5103,1.0,1.0,False,26.7395,S2A_MSIL2A_20241103T032911_R018_T48QTD_20241103T070851
2024-11-08,Kranuan,น้ำพอง–กระนวน (รอยต่อ),16.6737,103.0261,0.4057,0.5126,0.4682,1.0,1.0,False,12.7162,S2B_MSIL2A_20241108T032839_R018_T48QTD_20241108T064826
2024-11-11,Kranuan,น้ำพอง–กระนวน (รอยต่อ),16.6737,103.0261,0.4194,0.4923,0.4653,1.0,0.9991,False,6.932,S2B_MSIL2A_20241111T033859_R061_T48QTD_20241111T063438
2024-11-13,Kranuan,น้ำพอง–กระนวน (รอยต่อ),16.6737,103.0261,0.3999,0.4497,0.4354,1.0,1.0,False,0.2182,S2A_MSIL2A_20241113T033001_R018_T48QTD_20241113T064548
2024-11-16,Kranuan,น้ำพอง–กระนวน (รอยต่อ),16.6737,103.0261,0.3788,0.4242,0.4059,0.6998,0.7315,False,20.5286,S2A_MSIL2A_20241116T034021_R061_T48QTD_20241116T065454
2024-11-18,Kranuan,น้ำพอง–กระนวน (รอยต่อ),16.6737,103.0261,0.3993,0.4032,0.412,1.0,1.0,False,1.9185,S2B_MSIL2A_20241118T032929_R018_T48QTD_20241118T054708
2024-11-21,Kranuan,น้ำพอง–กระนวน (รอยต่อ),16.6737,103.0261,0.407,0.3963,0.4124,0.9994,0.9984,False,8.5616,S2B_MSIL2A_20241121T033949_R061_T48QTD_20241121T063511
2024-11-23,Kranuan,น้ำพอง–กระนวน (รอยต่อ),16.6737,103.0261,0.3903,0.3703,0.391,1.0,0.9994,False,6.0979,S2A_MSIL2A_20241123T033051_R018_T48QTD_20241123T064812
2024-11-28,Kranuan,น้ำพอง–กระนวน (รอยต่อ),16.6737,103.0261,0.403,0.3758,0.3988,1.0,1.0,False,36.0752,S2B_MSIL2A_20241128T033009_R018_T48QTD_20241128T053838
2024-12-01,Kranuan,น้ำพอง–กระนวน (รอยต่อ),16.6737,103.0261,0.4057,0.3787,0.399,0.9997,0.9991,False,5.7388,S2B_MSIL2A_20241201T034029_R061_T48QTD_20241201T063331
2024-12-03,Kranuan,น้ำพอง–กระนวน (รอยต่อ),16.6737,103.0261,0.393,0.3561,0.3834,1.0,1.0,False,9.5612,S2A_MSIL2A_20241203T033121_R018_T48QTD_20241203T064651
2024-12-06,Kranuan,น้ำพอง–กระนวน (รอยต่อ),16.6737,103.0261,0.412,0.364,0.3967,0.9994,0.9984,False,1.4275,S2A_MSIL2A_20241206T034131_R061_T48QTD_20241206T070059
2024-12-08,Kranuan,น้ำพอง–กระนวน (รอยต่อ),16.6737,103.0261,0.4021,0.3543,0.3867,1.0,0.9987,False,9.971,S2B_MSIL2A_20241208T033039_R018_T48QTD_20241208T062530
2024-12-13,Kranuan,น้ำพอง–กระนวน (รอยต่อ),16.6737,103.0261,0.3155,0.2912,0.3093,0.995,0.9581,False,88.6352,S2A_MSIL2A_20241213T033141_R018_T48QTD_20241213T071445
2024-12-16,Kranuan,น้ำพอง–กระนวน (รอยต่อ),16.6737,103.0261,0.3989,0.3554,0.3847,0.9898,0.9984,False,0.0028,S2A_MSIL2A_20241216T034151_R061_T48QTD_20241216T070953
2024-12-18,Kranuan,น้ำพอง–กระนวน (รอยต่อ),16.6737,103.0261,0.3873,0.3477,0.3753,0.9945,1.0,False,0.0013,S2B_MSIL2A_20241218T033049_R018_T48QTD_20241218T100110
2024-12-21,Kranuan,น้ำพอง–กระนวน (รอยต่อ),16.6737,103.0261,0.4031,0.3543,0.3858,0.9989,1.0,False,0.5151,S2B_MSIL2A_20241221T034059_R061_T48QTD_20241221T072432
2024-12-23,Kranuan,น้ำพอง–กระนวน (รอยต่อ),16.6737,103.0261,0.378,0.3319,0.363,1.0,1.0,False,8.2755,S2A_MSIL2A_20241223T033151_R018_T48QTD_20241223T064849
2024-12-26,Kranuan,น้ำพอง–กระนวน (รอยต่อ),16.6737,103.0261,0.3757,0.3224,0.3571,1.0,0.9984,False,0.1801,S2A_MSIL2A_20241226T034151_R061_T48QTD_20241226T064949
2024-12-31,Kranuan,น้ำพอง–กระนวน (รอยต่อ),16.6737,103.0261,0.3926,0.3382,0.3714,0.9997,0.9997,False,1.4313,S2B_MSIL2A_20241231T034049_R061_T48QTD_20241231T063102
2025-01-02,Kranuan,น้ำพอง–กระนวน (รอยต่อ),16.6737,103.0261,0.3878,0.3251,0.3634,1.0,1.0,False,0.0011,S2A_MSIL2A_20250102T033141_R018_T48QTD_20250102T070655
2025-01-05,Kranuan,น้ำพอง–กระนวน (รอยต่อ),16.6737,103.0261,0.3922,0.338,0.3699,1.0,0.9865,False,6.367,S2A_MSIL2A_20250105T034131_R061_T48QTD_20250105T065151
2025-01-07,Kranuan,น้ำพอง–กระนวน (รอยต่อ),16.6737,103.0261,0.3911,0.3201,0.3619,1.0,1.0,False,28.7193,S2B_MSIL2A_20250107T033029_R018_T48QTD_20250107T071409
2025-01-10,Kranuan,น้ำพอง–กระนวน (รอยต่อ),16.6737,103.0261,0.3725,0.3216,0.353,0.7588,0.6489,False,21.7564,S2B_MSIL2A_20250110T034029_R061_T48QTD_20250110T061657
2025-01-12,Kranuan,น้ำพอง–กระนวน (รอยต่อ),16.6737,103.0261,0.3885,0.3107,0.3552,1.0,1.0,False,6.4423,S2A_MSIL2A_20250112T033111_R018_T48QTD_20250112T064453
2025-01-15,Kranuan,น้ำพอง–กระนวน (รอยต่อ),16.6737,103.0261,0.3929,0.3045,0.3528,1.0,0.9997,False,0.0686,S2A_MSIL2A_20250115T034111_R061_T48QTD_20250115T065649
2025-01-17,Kranuan,น้ำพอง–กระนวน (รอยต่อ),16.6737,103.0261,0.3797,0.2975,0.3427,1.0,1.0,False,14.5668,S2B_MSIL2A_20250117T032959_R018_T48QTD_20250117T073102
2025-01-25,Kranuan,น้ำพอง–กระนวน (รอยต่อ),16.6737,103.0261,0.3838,0.3003,0.3444,0.9994,0.9997,False,0.4878,S2C_MSIL2A_20250125T034101_R061_T48QTD_20250125T070953
2025-01-27,Kranuan,น้ำพอง–กระนวน (รอยต่อ),16.6737,103.0261,0.3883,0.2944,0.3437,1.0,1.0,False,0.3119,S2B_MSIL2A_20250127T032919_R018_T48QTD_20250127T062622
2025-01-30,Kranuan,น้ำพอง–กระนวน (รอยต่อ),16.6737,103.0261,0.3758,0.2866,0.3313,1.0,1.0,False,24.252,S2B_MSIL2A_20250130T033909_R061_T48QTD_20250130T063218
2025-02-01,Kranuan,น้ำพอง–กระนวน (รอยต่อ),16.6737,103.0261,0.3633,0.2745,0.3182,0.9719,0.9922,False,12.0924,S2C_MSIL2A_20250201T033021_R018_T48QTD_20250201T084009
2025-02-06,Kranuan,น้ำพอง–กระนวน (รอยต่อ),16.6737,103.0261,0.3438,0.2631,0.303,1.0,1.0,False,9.3261,S2B_MSIL2A_20250206T032829_R018_T48QTD_20250206T061554
2025-02-09,Kranuan,น้ำพอง–กระนวน (รอยต่อ),16.6737,103.0261,0.3764,0.2741,0.3239,1.0,1.0,False,0.0001,S2B_MSIL2A_20250209T033819_R061_T48QTD_20250209T071508
2025-02-11,Kranuan,น้ำพอง–กระนวน (รอยต่อ),16.6737,103.0261,0.3402,,0.3023,0.6362,0.5707,False,46.3033,S2C_MSIL2A_20250211T032921_R018_T48QTD_20250211T083113
2025-02-14,Kranuan,น้ำพอง–กระนวน (รอยต่อ),16.6737,103.0261,0.381,0.2735,0.3258,1.0,1.0,False,0.001,S2C_MSIL2A_20250214T033901_R061_T48QTD_20250214T090512
2025-02-16,Kranuan,น้ำพอง–กระนวน (รอยต่อ),16.6737,103.0261,0.3717,0.2704,0.3198,1.0,1.0,False,0.002,S2B_MSIL2A_20250216T032729_R018_T48QTD_20250216T055937
2025-02-19,Kranuan,น้ำพอง–กระนวน (รอยต่อ),16.6737,103.0261,0.3872,0.2719,0.3277,1.0,1.0,False,23.6332,S2B_MSIL2A_20250219T033709_R061_T48QTD_20250219T061922
2025-02-21,Kranuan,น้ำพอง–กระนวน (รอยต่อ),16.6737,103.0261,0.3762,0.2594,0.3156,1.0,1.0,False,4.438,S2C_MSIL2A_20250221T032811_R018_T48QTD_20250221T103912
2025-03-01,Kranuan,น้ำพอง–กระนวน (รอยต่อ),16.6737,103.0261,0.368,0.2493,0.3051,1.0,1.0,False,0.0521,S2B_MSIL2A_20250301T033559_R061_T48QTD_20250301T061709
2025-03-03,Kranuan,น้ำพอง–กระนวน (รอยต่อ),16.6737,103.0261,0.3387,0.2232,0.2766,0.8208,0.7763,False,44.5863,S2C_MSIL2A_20250303T032701_R018_T48QTD_20250303T084755
2025-03-06,Kranuan,น้ำพอง–กระนวน (รอยต่อ),16.6737,103.0261,0.3939,0.2554,0.3191,1.0,1.0,False,23.7598,S2C_MSIL2A_20250306T033641_R061_T48QTD_20250306T085914
2025-03-11,Kranuan,น้ำพอง–กระนวน (รอยต่อ),16.6737,103.0261,0.3469,0.2292,0.2825,0.9994,0.9997,False,0.1031,S2B_MSIL2A_20250311T033539_R061_T48QTD_20250311T072242
2025-03-16,Kranuan,น้ำพอง–กระนวน (รอยต่อ),16.6737,103.0261,0.354,0.2407,0.2913,1.0,1.0,False,12.527,S2C_MSIL2A_20250316T033601_R061_T48QTD_20250316T090315
2025-03-18,Kranuan,น้ำพอง–กระนวน (รอยต่อ),16.6737,103.0261,0.3648,0.2506,0.3019,1.0,1.0,False,61.4898,S2A_MSIL2A_20250318T034201_R061_T48QTD_20250318T114518
2025-03-21,Kranuan,น้ำพอง–กระนวน (รอยต่อ),16.6737,103.0261,0.3759,0.2531,0.3102,1.0,1.0,False,66.1139,S2B_MSIL2A_20250321T033539_R061_T48QTD_20250321T073000
2025-03-23,Kranuan,น้ำพอง–กระนวน (รอยต่อ),16.6737,103.0261,0.3643,0.2448,0.3007,1.0,1.0,False,0.0042,S2C_MSIL2A_20250323T032541_R018_T48QTD_20250323T091110
2025-03-25,Kranuan,น้ำพอง–กระนวน (รอยต่อ),16.6737,103.0261,0.3556,0.242,0.2956,1.0,1.0,False,0.0025,S2A_MSIL2A_20250325T033151_R018_T48QTD_20250325T111922
2025-03-26,Kranuan,น้ำพอง–กระนวน (รอยต่อ),16.6737,103.0261,0.3494,0.2365,0.2894,1.0,1.0,False,0.0252,S2C_MSIL2A_20250326T033601_R061_T48QTD_20250326T085914
2025-03-28,Kranuan,น้ำพอง–กระนวน (รอยต่อ),16.6737,103.0261,0.3453,0.241,0.29,1.0,1.0,False,1.6049,S2B_MSIL2A_20250328T032519_R018_T48QTD_20250328T064046
2025-04-02,Kranuan,น้ำพอง–กระนวน (รอยต่อ),16.6737,103.0261,0.383,0.2526,0.3134,1.0,1.0,False,3.2679,S2C_MSIL2A_20250402T032601_R018_T48QTD_20250402T083706
2025-04-05,Kranuan,น้ำพอง–กระนวน (รอยต่อ),16.6737,103.0261,0.3974,0.2417,0.3163,1.0,1.0,False,41.7079,S2C_MSIL2A_20250405T033601_R061_T48QTD_20250405T083512
2025-04-07,Kranuan,น้ำพอง–กระนวน (รอยต่อ),16.6737,103.0261,0.3667,0.2283,0.2952,0.972,0.9952,False,34.789,S2A_MSIL2A_20250407T034201_R061_T48QTD_20250407T083514;S2B_MSIL2A_20250407T032519_R018_T48QTD_20250407T071831
2025-04-15,Kranuan,น้ำพอง–กระนวน (รอยต่อ),16.6737,103.0261,0.4541,0.2685,0.3625,0.9352,0.8138,False,20.956,S2C_MSIL2A_20250415T033601_R061_T48QTD_20250415T082837
2025-04-22,Kranuan,น้ำพอง–กระนวน (รอยต่อ),16.6737,103.0261,0.4194,0.2435,0.3305,0.6282,0.6486,False,66.1104,S2C_MSIL2A_20250422T032601_R018_T48QTD_20250422T082812
2025-04-25,Kranuan,น้ำพอง–กระนวน (รอยต่อ),16.6737,103.0261,0.4084,0.2389,0.323,1.0,1.0,False,9.6935,S2C_MSIL2A_20250425T033601_R061_T48QTD_20250425T091814
2025-04-27,Kranuan,น้ำพอง–กระนวน (รอยต่อ),16.6737,103.0261,0.3742,0.2353,0.3065,0.9832,0.9309,False,53.4907,S2B_MSIL2A_20250427T032519_R018_T48QTD_20250427T070753
2025-05-02,Kranuan,น้ำพอง–กระนวน (รอยต่อ),16.6737,103.0261,0.4973,0.2529,0.3746,1.0,1.0,False,13.5675,S2C_MSIL2A_20250502T032601_R018_T48QTD_20250502T083214
2025-05-04,Kranuan,น้ำพอง–กระนวน (รอยต่อ),16.6737,103.0261,0.4791,0.2486,0.3629,1.0,1.0,False,6.9674,S2A_MSIL2A_20250504T033151_R018_T48QTD_20250504T081928
2025-06-04,Kranuan,น้ำพอง–กระนวน (รอยต่อ),16.6737,103.0261,0.7078,0.4578,0.5897,0.9835,0.9171,False,26.167,S2C_MSIL2A_20250604T033601_R061_T48QTD_20250604T084721
2025-07-29,Kranuan,น้ำพอง–กระนวน (รอยต่อ),16.6737,103.0261,0.5622,,0.5236,0.7087,0.5939,True,58.0826,S2B_MSIL2A_20250729T033539_R061_T48QTD_20250729T072952
2025-08-05,Kranuan,น้ำพอง–กระนวน (รอยต่อ),16.6737,103.0261,0.8075,0.5827,0.6937,1.0,1.0,False,23.7024,S2A_MSIL2A_20250805T034201_R061_T48QTD_20250805T075313;S2B_MSIL2A_20250805T032519_R018_T48QTD_20250805T071425
2025-08-08,Kranuan,น้ำพอง–กระนวน (รอยต่อ),16.6737,103.0261,0.7954,0.594,0.6959,1.0,1.0,False,22.2526,S2B_MSIL2A_20250808T033539_R061_T48QTD_20250808T060936
2025-10-09,Kranuan,น้ำพอง–กระนวน (รอยต่อ),16.6737,103.0261,0.7194,0.5896,0.6546,0.9928,0.9887,False,27.8177,S2C_MSIL2A_20251009T032651_R018_T48QTD_20251009T101518
2025-10-17,Kranuan,น้ำพอง–กระนวน (รอยต่อ),16.6737,103.0261,0.635,,0.5924,0.6097,0.4931,False,41.5173,S2B_MSIL2A_20251017T033639_R061_T48QTD_20251017T072721
2025-10-19,Kranuan,น้ำพอง–กระนวน (รอยต่อ),16.6737,103.0261,0.7459,0.613,0.6794,0.8958,0.8611,False,21.8376,S2C_MSIL2A_20251019T032751_R018_T48QTD_20251019T100517
2025-10-24,Kranuan,น้ำพอง–กระนวน (รอยต่อ),16.6737,103.0261,0.7149,0.5736,0.646,1.0,1.0,False,46.7122,S2A_MSIL2A_20251024T034201_R061_T48QTD_20251024T074419;S2B_MSIL2A_20251024T032719_R018_T48QTD_20251024T055528
2025-10-29,Kranuan,น้ำพอง–กระนวน (รอยต่อ),16.6737,103.0261,0.5808,0.4347,0.5076,0.9837,0.985,False,7.6054,S2C_MSIL2A_20251029T033501_R018_T48QTD_20251029T063316
2025-11-11,Kranuan,น้ำพอง–กระนวน (รอยต่อ),16.6737,103.0261,0.6715,0.3532,0.5265,0.8286,0.8564,False,73.6372,S2C_MSIL2A_20251111T034501_R061_T48QTD_20251111T064215
2025-11-13,Kranuan,น้ำพอง–กระนวน (รอยต่อ),16.6737,103.0261,0.6008,0.401,0.5134,0.9802,0.9753,False,83.5358,S2A_MSIL2A_20251113T034201_R061_T48QTD_20251113T073413
2025-11-16,Kranuan,น้ำพอง–กระนวน (รอยต่อ),16.6737,103.0261,0.7129,0.3376,0.547,1.0,1.0,False,68.8278,S2B_MSIL2A_20251116T033929_R061_T48QTD_20251116T060242
2025-11-20,Kranuan,น้ำพอง–กระนวน (รอยต่อ),16.6737,103.0261,0.4663,0.3204,0.4038,0.6273,0.6233,True,52.3946,S2A_MSIL2A_20251120T033201_R018_T48QTD_20251120T072715
2025-12-01,Kranuan,น้ำพอง–กระนวน (รอยต่อ),16.6737,103.0261,0.6804,0.2575,0.4918,1.0,0.9987,False,0.0003,S2C_MSIL2A_20251201T034131_R061_T48QTD_20251201T063318
2025-12-03,Kranuan,น้ำพอง–กระนวน (รอยต่อ),16.6737,103.0261,0.6202,0.2617,0.4584,0.9861,0.9967,False,0.3556,S2A_MSIL2A_20251203T034201_R061_T48QTD_20251203T073813;S2B_MSIL2A_20251203T033019_R018_T48QTD_20251203T052923
2025-12-06,Kranuan,น้ำพอง–กระนวน (รอยต่อ),16.6737,103.0261,0.6532,0.2633,0.4785,1.0,1.0,False,2.4928,S2B_MSIL2A_20251206T034029_R061_T48QTD_20251206T055750
2025-12-16,Kranuan,น้ำพอง–กระนวน (รอยต่อ),16.6737,103.0261,0.5882,0.2682,0.4452,1.0,0.9978,False,0.5178,S2B_MSIL2A_20251216T034049_R061_T48QTD_20251216T055847
2025-12-18,Kranuan,น้ำพอง–กระนวน (รอยต่อ),16.6737,103.0261,0.5362,0.2606,0.4128,1.0,1.0,False,0.8889,S2C_MSIL2A_20251218T033151_R018_T48QTD_20251218T072812
2025-12-21,Kranuan,น้ำพอง–กระนวน (รอยต่อ),16.6737,103.0261,0.5319,0.2783,0.4199,0.9996,0.9981,False,8.1147,S2C_MSIL2A_20251221T034201_R061_T48QTD_20251221T073411;S2C_MSIL2A_20251221T034201_R061_T48QTD_20251221T063507
2025-12-23,Kranuan,น้ำพอง–กระนวน (รอยต่อ),16.6737,103.0261,0.5029,0.2756,0.4028,1.0,0.9989,False,0.5158,S2A_MSIL2A_20251223T034211_R061_T48QTD_20251223T073224;S2B_MSIL2A_20251223T033049_R018_T48QTD_20251223T071315
2025-12-26,Kranuan,น้ำพอง–กระนวน (รอยต่อ),16.6737,103.0261,0.4804,0.285,0.3938,1.0,0.9984,False,0.0003,S2B_MSIL2A_20251226T034049_R061_T48QTD_20251226T061402
2025-12-30,Kranuan,น้ำพอง–กระนวน (รอยต่อ),16.6737,103.0261,0.4372,0.282,0.3677,1.0,1.0,False,3.6511,S2A_MSIL2A_20251230T033201_R018_T48QTD_20251230T072310
2025-12-31,Kranuan,น้ำพอง–กระนวน (รอยต่อ),16.6737,103.0261,0.4341,0.2866,0.3681,1.0,1.0,False,0.1482,S2C_MSIL2A_20251231T034151_R061_T48QTD_20251231T062811
2026-01-02,Kranuan,น้ำพอง–กระนวน (รอยต่อ),16.6737,103.0261,0.4331,0.2852,0.3667,1.0,1.0,False,0.0022,S2B_MSIL2A_20260102T033039_R018_T48QTD_20260102T071133
2026-01-05,Kranuan,น้ำพอง–กระนวน (รอยต่อ),16.6737,103.0261,0.4258,0.2938,0.367,1.0,0.9984,False,0.0448,S2B_MSIL2A_20260105T034039_R061_T48QTD_20260105T071813
2026-01-07,Kranuan,น้ำพอง–กระนวน (รอยต่อ),16.6737,103.0261,0.4102,0.2839,0.3547,1.0,1.0,False,0.0009,S2C_MSIL2A_20260107T033131_R018_T48QTD_20260107T061409
2026-01-10,Kranuan,น้ำพอง–กระนวน (รอยต่อ),16.6737,103.0261,0.3977,0.301,0.357,1.0,0.9984,False,9.147,S2C_MSIL2A_20260110T034131_R061_T48QTD_20260110T063308
2026-01-12,Kranuan,น้ำพอง–กระนวน (รอยต่อ),16.6737,103.0261,0.3743,0.2943,0.3415,1.0,0.9991,False,0.0014,S2A_MSIL2A_20260112T034201_R061_T48QTD_20260112T073809;S2B_MSIL2A_20260112T033019_R018_T48QTD_20260112T071021
2026-01-15,Kranuan,น้ำพอง–กระนวน (รอยต่อ),16.6737,103.0261,0.3476,0.2847,0.3227,0.9945,0.9984,False,0.0001,S2B_MSIL2A_20260115T034009_R061_T48QTD_20260115T071831
2026-01-17,Kranuan,น้ำพอง–กระนวน (รอยต่อ),16.6737,103.0261,0.3227,0.2766,0.3052,1.0,1.0,False,0.0638,S2C_MSIL2A_20260117T033101_R018_T48QTD_20260117T061813
2026-01-20,Kranuan,น้ำพอง–กระนวน (รอยต่อ),16.6737,103.0261,0.3305,0.2943,0.3188,1.0,0.9984,False,0.0075,S2C_MSIL2A_20260120T034051_R061_T48QTD_20260120T062909
2026-01-25,Kranuan,น้ำพอง–กระนวน (รอยต่อ),16.6737,103.0261,0.3207,0.2994,0.3163,1.0,0.9984,False,8.03,S2B_MSIL2A_20260125T033929_R061_T48QTD_20260125T072536
2026-01-27,Kranuan,น้ำพอง–กระนวน (รอยต่อ),16.6737,103.0261,0.3043,0.2866,0.3016,1.0,1.0,False,0.0011,S2C_MSIL2A_20260127T033011_R018_T48QTD_20260127T070026
2026-01-30,Kranuan,น้ำพอง–กระนวน (รอยต่อ),16.6737,103.0261,0.3024,0.2932,0.3034,0.9862,0.9991,False,29.4148,S2C_MSIL2A_20260130T034001_R061_T48QTD_20260130T081910
2026-02-01,Kranuan,น้ำพอง–กระนวน (รอยต่อ),16.6737,103.0261,0.3006,0.2904,0.3006,0.9884,1.0,False,0.0365,S2B_MSIL2A_20260201T032849_R018_T48QTD_20260201T072029
2026-02-04,Kranuan,น้ำพอง–กระนวน (รอยต่อ),16.6737,103.0261,0.2986,0.292,0.2995,1.0,0.9984,False,0.074,S2B_MSIL2A_20260204T033839_R061_T48QTD_20260204T072652
2026-02-06,Kranuan,น้ำพอง–กระนวน (รอยต่อ),16.6737,103.0261,0.2925,0.2818,0.2902,1.0,1.0,False,0.4608,S2C_MSIL2A_20260206T032921_R018_T48QTD_20260206T082512
2026-02-09,Kranuan,น้ำพอง–กระนวน (รอยต่อ),16.6737,103.0261,0.2989,0.287,0.2962,0.9992,1.0,False,31.4082,S2C_MSIL2A_20260209T033911_R061_T48QTD_20260209T084809
2026-02-11,Kranuan,น้ำพอง–กระนวน (รอยต่อ),16.6737,103.0261,0.2998,0.2932,0.2972,1.0,1.0,False,0.7331,S2B_MSIL2A_20260211T032749_R018_T48QTD_20260211T071340
2026-02-16,Kranuan,น้ำพอง–กระนวน (รอยต่อ),16.6737,103.0261,0.2946,0.2838,0.2875,1.0,1.0,False,0.0007,S2C_MSIL2A_20260216T032821_R018_T48QTD_20260216T084011
2026-02-19,Kranuan,น้ำพอง–กระนวน (รอยต่อ),16.6737,103.0261,0.2975,0.2927,0.2923,0.9978,0.9984,False,6.3091,S2C_MSIL2A_20260219T033811_R061_T48QTD_20260219T084313
2026-02-21,Kranuan,น้ำพอง–กระนวน (รอยต่อ),16.6737,103.0261,0.3106,0.2998,0.302,0.9989,1.0,False,0.0005,S2B_MSIL2A_20260221T032649_R018_T48QTD_20260221T085857
2026-02-24,Kranuan,น้ำพอง–กระนวน (รอยต่อ),16.6737,103.0261,0.2937,0.288,0.2872,1.0,1.0,False,4.0462,S2B_MSIL2A_20260224T033629_R061_T48QTD_20260224T072653
2026-03-01,Kranuan,น้ำพอง–กระนวน (รอยต่อ),16.6737,103.0261,0.3163,0.3299,0.3176,1.0,0.9984,False,2.4839,S2C_MSIL2A_20260301T033701_R061_T48QTD_20260301T091613
2026-03-03,Kranuan,น้ำพอง–กระนวน (รอยต่อ),16.6737,103.0261,0.3274,0.3369,0.3272,1.0,1.0,False,0.174,S2B_MSIL2A_20260303T032539_R018_T48QTD_20260303T085226
2026-03-08,Kranuan,น้ำพอง–กระนวน (รอยต่อ),16.6737,103.0261,0.3332,0.3459,0.333,1.0,1.0,False,0.0029,S2C_MSIL2A_20260308T032601_R018_T48QTD_20260308T090313
2026-03-11,Kranuan,น้ำพอง–กระนวน (รอยต่อ),16.6737,103.0261,0.3496,0.3628,0.3475,1.0,1.0,False,19.3382,S2C_MSIL2A_20260311T033551_R061_T48QTD_20260311T091010
2026-03-13,Kranuan,น้ำพอง–กระนวน (รอยต่อ),16.6737,103.0261,0.3042,0.3204,0.3074,0.9899,0.9682,False,0.4752,S2A_MSIL2A_20260313T034201_R061_T48QTD_20260313T074812;S2B_MSIL2A_20260313T032529_R018_T48QTD_20260313T071527
2026-03-16,Kranuan,น้ำพอง–กระนวน (รอยต่อ),16.6737,103.0261,0.3525,0.3598,0.3473,0.9967,0.9994,False,1.0235,S2B_MSIL2A_20260316T033529_R061_T48QTD_20260316T072557
2026-03-18,Kranuan,น้ำพอง–กระนวน (รอยต่อ),16.6737,103.0261,0.3348,0.3385,0.3279,1.0,1.0,False,0.2779,S2C_MSIL2A_20260318T032521_R018_T48QTD_20260318T084912
2026-03-23,Kranuan,น้ำพอง–กระนวน (รอยต่อ),16.6737,103.0261,0.3772,0.3621,0.3587,1.0,1.0,False,4.7051,S2B_MSIL2A_20260323T032529_R018_T48QTD_20260323T071407
2026-03-26,Kranuan,น้ำพอง–กระนวน (รอยต่อ),16.6737,103.0261,0.3315,0.3124,0.3131,1.0,1.0,False,1.0879,S2B_MSIL2A_20260326T033529_R061_T48QTD_20260326T072041
2026-03-28,Kranuan,น้ำพอง–กระนวน (รอยต่อ),16.6737,103.0261,0.3434,0.3193,0.3214,1.0,1.0,False,1.7236,S2C_MSIL2A_20260328T032541_R018_T48QTD_20260328T083810
2026-03-30,Kranuan,น้ำพอง–กระนวน (รอยต่อ),16.6737,103.0261,0.3331,0.3063,0.3109,1.0,1.0,False,0.043,S2A_MSIL2A_20260330T033201_R018_T48QTD_20260330T071856
2026-03-31,Kranuan,น้ำพอง–กระนวน (รอยต่อ),16.6737,103.0261,0.3595,0.3274,0.3331,1.0,1.0,False,4.7137,S2C_MSIL2A_20260331T033541_R061_T48QTD_20260331T085215
2026-04-02,Kranuan,น้ำพอง–กระนวน (รอยต่อ),16.6737,103.0261,0.3319,0.3077,0.312,1.0,1.0,False,0.1236,S2B_MSIL2A_20260402T032519_R018_T48QTD_20260402T071557
2026-04-05,Kranuan,น้ำพอง–กระนวน (รอยต่อ),16.6737,103.0261,0.337,0.3124,0.3164,1.0,1.0,False,0.0131,S2B_MSIL2A_20260405T033539_R061_T48QTD_20260405T072236
2026-04-07,Kranuan,น้ำพอง–กระนวน (รอยต่อ),16.6737,103.0261,0.3245,0.2997,0.3044,1.0,1.0,False,0.0035,S2C_MSIL2A_20260407T032531_R018_T48QTD_20260407T085008
2026-04-10,Kranuan,น้ำพอง–กระนวน (รอยต่อ),16.6737,103.0261,0.3253,0.2936,0.301,1.0,1.0,False,0.0232,S2C_MSIL2A_20260410T033531_R061_T48QTD_20260410T090716
2026-04-12,Kranuan,น้ำพอง–กระนวน (รอยต่อ),16.6737,103.0261,0.3284,0.2927,0.3027,1.0,1.0,False,0.0134,S2A_MSIL2A_20260412T034201_R061_T48QTD_20260412T083214;S2B_MSIL2A_20260412T032539_R018_T48QTD_20260412T071438
2026-04-15,Kranuan,น้ำพอง–กระนวน (รอยต่อ),16.6737,103.0261,0.3175,0.2833,0.2931,1.0,1.0,False,0.3171,S2B_MSIL2A_20260415T033529_R061_T48QTD_20260415T072933
2026-04-17,Kranuan,น้ำพอง–กระนวน (รอยต่อ),16.6737,103.0261,0.3007,0.273,0.2806,1.0,1.0,False,2.0596,S2C_MSIL2A_20260417T032531_R018_T48QTD_20260417T082615
2026-04-20,Kranuan,น้ำพอง–กระนวน (รอยต่อ),16.6737,103.0261,0.2438,0.2212,0.2274,0.9118,0.9265,False,13.1879,S2C_MSIL2A_20260420T033531_R061_T48QTD_20260420T090921
2026-04-22,Kranuan,น้ำพอง–กระนวน (รอยต่อ),16.6737,103.0261,0.3235,0.2858,0.2989,1.0,1.0,False,21.5206,S2B_MSIL2A_20260422T032529_R018_T48QTD_20260422T071310
2026-04-30,Kranuan,น้ำพอง–กระนวน (รอยต่อ),16.6737,103.0261,0.3527,0.2764,0.3092,0.8341,0.8736,False,92.9055,S2C_MSIL2A_20260430T033541_R061_T48QTD_20260430T090717
2026-05-02,Kranuan,น้ำพอง–กระนวน (รอยต่อ),16.6737,103.0261,0.3677,0.3096,0.3311,1.0,1.0,False,80.0907,S2B_MSIL2A_20260502T032509_R018_T48QTD_20260502T071558
2026-05-05,Kranuan,น้ำพอง–กระนวน (รอยต่อ),16.6737,103.0261,0.3005,,0.2843,0.6918,0.4869,False,80.6581,S2B_MSIL2A_20260505T033529_R061_T48QTD_20260505T072722
2026-05-07,Kranuan,น้ำพอง–กระนวน (รอยต่อ),16.6737,103.0261,0.3669,0.3393,0.3407,1.0,1.0,False,31.0344,S2C_MSIL2A_20260507T032541_R018_T48QTD_20260511T110909;S2C_MSIL2A_20260507T032541_R018_T48QTD_20260511T085523
2026-05-09,Kranuan,น้ำพอง–กระนวน (รอยต่อ),16.6737,103.0261,0.4163,0.3753,0.384,1.0,0.9975,False,6.6253,S2A_MSIL2A_20260509T033151_R018_T48QTD_20260509T100517
2026-05-15,Kranuan,น้ำพอง–กระนวน (รอยต่อ),16.6737,103.0261,0.4376,0.38,0.4032,0.9294,0.9049,False,60.943,S2B_MSIL2A_20260515T033529_R061_T48QTD_20260515T073550
2026-05-17,Kranuan,น้ำพอง–กระนวน (รอยต่อ),16.6737,103.0261,0.4526,0.3768,0.4015,1.0,1.0,False,38.9028,S2C_MSIL2A_20260517T032511_R018_T48QTD_20260517T082717
2026-05-27,Kranuan,น้ำพอง–กระนวน (รอยต่อ),16.6737,103.0261,0.5628,0.4588,0.4982,1.0,1.0,False,17.3401,S2C_MSIL2A_20260527T032511_R018_T48QTD_20260527T082311
2026-06-01,Kranuan,น้ำพอง–กระนวน (รอยต่อ),16.6737,103.0261,0.6005,0.4758,0.5267,1.0,0.9987,False,16.3244,S2B_MSIL2A_20260601T032529_R018_T48QTD_20260601T071305
2026-06-14,Kranuan,น้ำพอง–กระนวน (รอยต่อ),16.6737,103.0261,0.6452,0.5144,0.5739,1.0,1.0,False,26.2386,S2B_MSIL2A_20260614T033529_R061_T48QTD_20260614T072749
2026-06-16,Kranuan,น้ำพอง–กระนวน (รอยต่อ),16.6737,103.0261,0.5841,0.4856,0.5309,0.8864,0.8974,False,39.0031,S2C_MSIL2A_20260616T032541_R018_T48QTD_20260616T081913
2026-06-21,Kranuan,น้ำพอง–กระนวน (รอยต่อ),16.6737,103.0261,0.6101,0.5089,0.5513,0.6698,0.7647,False,51.163,S2B_MSIL2A_20260621T032509_R018_T48QTD_20260621T071952
2026-07-19,Kranuan,น้ำพอง–กระนวน (รอยต่อ),16.6737,103.0261,0.5749,0.5444,0.5496,0.8892,0.9653,False,51.492,S2C_MSIL2A_20260719T033541_R061_T48QTD_20260719T083917
2026-07-24,Kranuan,น้ำพอง–กระนวน (รอยต่อ),16.6737,103.0261,0.6027,0.5429,0.5624,0.863,0.8542,False,60.2059,S2B_MSIL2A_20260724T033539_R061_T48QTD_20260724T072526
2026-08-13,Kranuan,น้ำพอง–กระนวน (รอยต่อ),16.6737,103.0261,0.6817,0.6452,0.6494,0.9972,0.9646,False,52.8603,S2B_MSIL2A_20260813T033529_R061_T48QTD_20260813T072506
2023-10-23,ManchaKhiri,มัญจาคีรี,16.0988,102.4899,0.7106,,0.6964,0.8423,0.5797,False,20.7449,S2A_MSIL2A_20231023T033811_R061_T48PTC_20231023T091910
2023-11-02,ManchaKhiri,มัญจาคีรี,16.0988,102.4899,0.7599,0.673,0.7478,1.0,0.9895,False,4.69,S2A_MSIL2A_20231102T033911_R061_T48PTC_20241111T042929;S2A_MSIL2A_20231102T033911_R061_T48PTC_20231102T101852
2023-11-12,ManchaKhiri,มัญจาคีรี,16.0988,102.4899,0.7259,0.547,0.7048,0.6514,0.8021,False,46.4152,S2A_MSIL2A_20231112T034001_R061_T48PTC_20241108T223254;S2A_MSIL2A_20231112T034001_R061_T48PTC_20231112T091836
2023-11-17,ManchaKhiri,มัญจาคีรี,16.0988,102.4899,0.763,0.5046,0.7363,1.0,0.9825,False,17.785,S2B_MSIL2A_20231117T034029_R061_T48PTC_20241121T103308
2023-11-22,ManchaKhiri,มัญจาคีรี,16.0988,102.4899,0.728,0.4498,0.7002,1.0,0.9807,False,7.1648,S2A_MSIL2A_20231122T034041_R061_T48PTC_20241017T020206;S2A_MSIL2A_20231122T034041_R061_T48PTC_20231122T082335
2023-11-27,ManchaKhiri,มัญจาคีรี,16.0988,102.4899,0.7143,0.3959,0.6838,1.0,0.9755,False,16.9673,S2B_MSIL2A_20231127T034059_R061_T48PTC_20231127T071832
2023-12-02,ManchaKhiri,มัญจาคีรี,16.0988,102.4899,0.6929,0.3652,0.6615,1.0,0.9755,False,65.0846,S2A_MSIL2A_20231202T034111_R061_T48PTC_20231202T072305
2023-12-17,ManchaKhiri,มัญจาคีรี,16.0988,102.4899,0.6105,0.3731,0.5849,1.0,0.8879,False,22.9849,S2B_MSIL2A_20231217T034149_R061_T48PTC_20231220T054047
2023-12-22,ManchaKhiri,มัญจาคีรี,16.0988,102.4899,0.5589,0.3792,0.5381,1.0,0.993,False,9.8295,S2A_MSIL2A_20231222T034151_R061_T48PTC_20231222T083811
2023-12-27,ManchaKhiri,มัญจาคีรี,16.0988,102.4899,0.4928,0.3635,0.4769,1.0,0.986,False,0.0002,S2B_MSIL2A_20231227T034149_R061_T48PTC_20231227T074843
2024-01-01,ManchaKhiri,มัญจาคีรี,16.0988,102.4899,0.4686,0.3565,0.4557,1.0,0.9895,False,2.3954,S2A_MSIL2A_20240101T034141_R061_T48PTC_20240101T081649
2024-01-06,ManchaKhiri,มัญจาคีรี,16.0988,102.4899,0.4424,0.3491,0.4305,1.0,0.986,False,0.0015,S2B_MSIL2A_20240106T034139_R061_T48PTC_20240106T072937
2024-01-11,ManchaKhiri,มัญจาคีรี,16.0988,102.4899,0.3711,0.3225,0.3649,0.97,0.993,False,0.0003,S2A_MSIL2A_20240111T034121_R061_T48PTC_20240111T081335
2024-01-16,ManchaKhiri,มัญจาคีรี,16.0988,102.4899,0.3738,0.3392,0.3695,1.0,0.993,False,0.1198,S2B_MSIL2A_20240116T034109_R061_T48PTC_20240116T081155
2024-01-21,ManchaKhiri,มัญจาคีรี,16.0988,102.4899,0.3275,0.3041,0.3244,1.0,1.0,False,0.6814,S2A_MSIL2A_20240121T034041_R061_T48PTC_20240121T121819
2024-01-26,ManchaKhiri,มัญจาคีรี,16.0988,102.4899,0.3361,0.3171,0.3329,1.0,0.993,False,0.0086,S2B_MSIL2A_20240126T034029_R061_T48PTC_20240126T080627
2024-01-31,ManchaKhiri,มัญจาคีรี,16.0988,102.4899,0.3388,0.3098,0.3349,1.0,1.0,False,22.3365,S2A_MSIL2A_20240131T034001_R061_T48PTC_20240131T081355
2024-02-05,ManchaKhiri,มัญจาคีรี,16.0988,102.4899,0.3323,0.3101,0.3294,0.9948,0.993,False,0.0,S2B_MSIL2A_20240205T033939_R061_T48PTC_20240205T091737
2024-02-15,ManchaKhiri,มัญจาคีรี,16.0988,102.4899,0.3063,0.2972,0.3047,0.9984,0.993,False,0.0,S2B_MSIL2A_20240215T033839_R061_T48PTC_20240215T081233
2024-02-20,ManchaKhiri,มัญจาคีรี,16.0988,102.4899,0.2922,0.2813,0.2905,1.0,1.0,False,9.9632,S2A_MSIL2A_20240220T033801_R061_T48PTC_20240220T084156
2024-02-25,ManchaKhiri,มัญจาคีรี,16.0988,102.4899,0.2772,0.2809,0.2774,1.0,1.0,False,0.9096,S2B_MSIL2A_20240225T033729_R061_T48PTC_20240225T081124
2024-03-16,ManchaKhiri,มัญจาคีรี,16.0988,102.4899,0.2625,0.2771,0.2638,1.0,1.0,False,47.3228,S2B_MSIL2A_20240316T033539_R061_T48PTC_20240316T081219
2024-03-21,ManchaKhiri,มัญจาคีรี,16.0988,102.4899,0.2974,0.3059,0.2982,1.0,1.0,False,3.2189,S2A_MSIL2A_20240321T033541_R061_T48PTC_20240321T091042
2024-03-31,ManchaKhiri,มัญจาคีรี,16.0988,102.4899,0.2666,0.2679,0.2664,0.9947,0.993,False,0.04,S2A_MSIL2A_20240331T033531_R061_T48PTC_20240331T092411
2024-04-05,ManchaKhiri,มัญจาคีรี,16.0988,102.4899,0.298,0.2983,0.2979,1.0,1.0,False,2.6814,S2B_MSIL2A_20240405T033529_R061_T48PTC_20240405T103403
2024-04-15,ManchaKhiri,มัญจาคีรี,16.0988,102.4899,0.2595,0.2538,0.2591,1.0,1.0,False,1.1757,S2B_MSIL2A_20240415T033539_R061_T48PTC_20240415T082736
2024-04-20,ManchaKhiri,มัญจาคีรี,16.0988,102.4899,0.2665,0.2526,0.2654,1.0,1.0,False,0.6258,S2A_MSIL2A_20240420T033541_R061_T48PTC_20240420T101048
2024-04-25,ManchaKhiri,มัญจาคีรี,16.0988,102.4899,0.2605,0.2363,0.2586,1.0,1.0,False,8.3959,S2B_MSIL2A_20240425T033539_R061_T48PTC_20240425T081112
2024-04-30,ManchaKhiri,มัญจาคีรี,16.0988,102.4899,0.2525,0.2318,0.251,1.0,1.0,False,0.1824,S2A_MSIL2A_20240430T033541_R061_T48PTC_20240430T091509
2024-05-05,ManchaKhiri,มัญจาคีรี,16.0988,102.4899,0.2988,0.2523,0.2954,1.0,1.0,False,0.0313,S2B_MSIL2A_20240505T033539_R061_T48PTC_20240505T081106
2024-05-10,ManchaKhiri,มัญจาคีรี,16.0988,102.4899,0.2717,0.2631,0.272,0.9785,1.0,False,53.53,S2A_MSIL2A_20240510T033541_R061_T48PTC_20240510T091727
2024-05-30,ManchaKhiri,มัญจาคีรี,16.0988,102.4899,0.4207,0.458,0.4242,1.0,1.0,False,24.8113,S2A_MSIL2A_20240530T033541_R061_T48PTC_20240530T102257
2024-06-14,ManchaKhiri,มัญจาคีรี,16.0988,102.4899,0.4459,0.4614,0.4479,0.9992,0.9982,False,25.8548,S2B_MSIL2A_20240614T033539_R061_T48PTC_20240614T074145
2024-07-14,ManchaKhiri,มัญจาคีรี,16.0988,102.4899,0.5702,0.3759,0.555,0.9969,0.8651,False,65.0847,S2B_MSIL2A_20240714T033539_R061_T48PTC_20240714T090136
2024-08-08,ManchaKhiri,มัญจาคีรี,16.0988,102.4899,0.6662,0.3786,0.6404,1.0,0.993,False,40.8317,S2A_MSIL2A_20240808T033541_R061_T48PTC_20240808T102152
2024-10-07,ManchaKhiri,มัญจาคีรี,16.0988,102.4899,0.7345,0.681,0.7245,1.0,0.986,False,2.3103,S2A_MSIL2A_20241007T033631_R061_T48PTC_20241007T075446
2024-10-12,ManchaKhiri,มัญจาคีรี,16.0988,102.4899,0.7237,0.6374,0.7127,1.0,0.993,False,48.2749,S2B_MSIL2A_20241012T033609_R061_T48PTC_20241012T073749
2024-10-22,ManchaKhiri,มัญจาคีรี,16.0988,102.4899,0.7384,0.7127,0.7313,1.0,0.993,False,35.3126,S2B_MSIL2A_20241022T033719_R061_T48PTC_20241022T064409
2024-11-11,ManchaKhiri,มัญจาคีรี,16.0988,102.4899,0.7077,0.5684,0.6902,1.0,0.993,False,0.2138,S2B_MSIL2A_20241111T033859_R061_T48PTC_20241111T063438
2024-11-16,ManchaKhiri,มัญจาคีรี,16.0988,102.4899,0.6868,0.4802,0.6635,1.0,0.986,False,13.5873,S2A_MSIL2A_20241116T034021_R061_T48PTC_20241116T065454
2024-11-21,ManchaKhiri,มัญจาคีรี,16.0988,102.4899,0.6616,0.3825,0.6337,1.0,0.9772,False,13.4809,S2B_MSIL2A_20241121T033949_R061_T48PTC_20241121T063511
2024-11-26,ManchaKhiri,มัญจาคีรี,16.0988,102.4899,0.6044,0.3124,0.5762,1.0,0.993,False,44.6994,S2A_MSIL2A_20241126T034101_R061_T48PTC_20241126T070050
2024-12-01,ManchaKhiri,มัญจาคีรี,16.0988,102.4899,0.6217,0.3229,0.5931,1.0,0.986,False,1.5134,S2B_MSIL2A_20241201T034029_R061_T48PTC_20241201T063331
2024-12-06,ManchaKhiri,มัญจาคีรี,16.0988,102.4899,0.5996,0.3034,0.5713,1.0,0.9772,False,14.8072,S2A_MSIL2A_20241206T034131_R061_T48PTC_20241206T070059
2024-12-11,ManchaKhiri,มัญจาคีรี,16.0988,102.4899,0.5771,0.3121,0.552,1.0,0.986,False,53.5908,S2B_MSIL2A_20241211T034049_R061_T48PTC_20241211T082736
2024-12-16,ManchaKhiri,มัญจาคีรี,16.0988,102.4899,0.5557,0.2928,0.531,1.0,0.9772,False,0.0002,S2A_MSIL2A_20241216T034151_R061_T48PTC_20241216T070953
2024-12-21,ManchaKhiri,มัญจาคีรี,16.0988,102.4899,0.518,0.3147,0.4991,1.0,0.9755,False,0.0092,S2B_MSIL2A_20241221T034059_R061_T48PTC_20241221T072432
2024-12-26,ManchaKhiri,มัญจาคีรี,16.0988,102.4899,0.4541,0.2803,0.4373,1.0,0.9772,False,0.3998,S2A_MSIL2A_20241226T034151_R061_T48PTC_20241226T064949
2024-12-31,ManchaKhiri,มัญจาคีรี,16.0988,102.4899,0.4519,0.3053,0.4373,1.0,0.9772,False,0.0003,S2B_MSIL2A_20241231T034049_R061_T48PTC_20241231T063102
2025-01-05,ManchaKhiri,มัญจาคีรี,16.0988,102.4899,0.3943,0.2966,0.3846,1.0,1.0,False,61.0386,S2A_MSIL2A_20250105T034131_R061_T48PTC_20250105T065151
2025-01-10,ManchaKhiri,มัญจาคีรี,16.0988,102.4899,0.3872,0.3114,0.3792,0.9364,0.7811,False,21.039,S2B_MSIL2A_20250110T034029_R061_T48PTC_20250110T061657
2025-01-15,ManchaKhiri,มัญจาคีรี,16.0988,102.4899,0.3733,0.2765,0.3627,1.0,0.9755,False,0.0006,S2A_MSIL2A_20250115T034111_R061_T48PTC_20250115T065649
2025-01-25,ManchaKhiri,มัญจาคีรี,16.0988,102.4899,0.327,0.2694,0.3205,1.0,0.9947,False,10.4845,S2C_MSIL2A_20250125T034101_R061_T48PTC_20250125T070953
2025-01-30,ManchaKhiri,มัญจาคีรี,16.0988,102.4899,0.3302,0.2686,0.3234,1.0,0.9807,False,34.1551,S2B_MSIL2A_20250130T033909_R061_T48PTC_20250130T063218
2025-02-14,ManchaKhiri,มัญจาคีรี,16.0988,102.4899,0.2961,0.2524,0.2914,0.9997,0.9842,False,0.0013,S2C_MSIL2A_20250214T033901_R061_T48PTC_20250214T090512
2025-02-19,ManchaKhiri,มัญจาคีรี,16.0988,102.4899,0.2879,0.2468,0.2838,1.0,1.0,False,7.4954,S2B_MSIL2A_20250219T033709_R061_T48PTC_20250219T061922
2025-03-01,ManchaKhiri,มัญจาคีรี,16.0988,102.4899,0.2617,0.2384,0.2607,1.0,0.9877,False,0.0042,S2B_MSIL2A_20250301T033559_R061_T48PTC_20250301T061709
2025-03-11,ManchaKhiri,มัญจาคีรี,16.0988,102.4899,0.2442,0.228,0.2446,1.0,0.993,False,0.076,S2B_MSIL2A_20250311T033539_R061_T48PTC_20250311T072242
2025-03-16,ManchaKhiri,มัญจาคีรี,16.0988,102.4899,0.2496,0.2344,0.2501,0.9995,0.993,False,1.123,S2C_MSIL2A_20250316T033601_R061_T48PTC_20250316T090315
2025-03-18,ManchaKhiri,มัญจาคีรี,16.0988,102.4899,0.2152,0.21,0.2151,0.9246,0.7531,False,48.1734,S2A_MSIL2A_20250318T034201_R061_T48PTC_20250318T114518
2025-03-21,ManchaKhiri,มัญจาคีรี,16.0988,102.4899,0.2995,0.2877,0.3003,1.0,1.0,False,64.9054,S2B_MSIL2A_20250321T033539_R061_T48PTC_20250321T073809
2025-03-26,ManchaKhiri,มัญจาคีรี,16.0988,102.4899,0.2961,0.2736,0.2959,1.0,1.0,False,0.2224,S2C_MSIL2A_20250326T033601_R061_T48PTC_20250326T085914
2025-03-31,ManchaKhiri,มัญจาคีรี,16.0988,102.4899,0.2418,0.2298,0.2425,0.9977,0.9527,False,64.1966,S2B_MSIL2A_20250331T033539_R061_T48PTC_20250331T072416
2025-04-05,ManchaKhiri,มัญจาคีรี,16.0988,102.4899,0.2955,0.2746,0.2959,1.0,1.0,False,7.8357,S2C_MSIL2A_20250405T033601_R061_T48PTC_20250405T100815
2025-04-07,ManchaKhiri,มัญจาคีรี,16.0988,102.4899,0.269,0.2946,0.2756,0.7892,0.9632,False,33.8795,S2A_MSIL2A_20250407T034201_R061_T48PTC_20250407T083514
2025-04-15,ManchaKhiri,มัญจาคีรี,16.0988,102.4899,0.3521,0.2822,0.3503,1.0,0.993,False,33.1425,S2C_MSIL2A_20250415T033601_R061_T48PTC_20250415T082837
2025-04-20,ManchaKhiri,มัญจาคีรี,16.0988,102.4899,0.3943,0.3042,0.3911,1.0,0.993,False,13.1056,S2B_MSIL2A_20250420T033539_R061_T48PTC_20250420T071841
2025-04-25,ManchaKhiri,มัญจาคีรี,16.0988,102.4899,0.3751,0.2869,0.3716,1.0,0.993,False,9.1533,S2C_MSIL2A_20250425T033601_R061_T48PTC_20250425T091814
2025-04-27,ManchaKhiri,มัญจาคีรี,16.0988,102.4899,0.3532,0.2736,0.35,1.0,1.0,False,61.6585,S2A_MSIL2A_20250427T034201_R061_T48PTC_20250427T083512
2025-04-30,ManchaKhiri,มัญจาคีรี,16.0988,102.4899,0.4267,0.3331,0.423,1.0,1.0,False,9.1524,S2B_MSIL2A_20250430T033539_R061_T48PTC_20250430T071433
2025-05-20,ManchaKhiri,มัญจาคีรี,16.0988,102.4899,0.5466,0.3848,0.5359,1.0,1.0,False,79.8942,S2B_MSIL2A_20250520T033539_R061_T48PTC_20250520T071525
2025-06-04,ManchaKhiri,มัญจาคีรี,16.0988,102.4899,0.5727,0.3873,0.5579,0.9128,0.8336,False,17.0955,S2C_MSIL2A_20250604T033601_R061_T48PTC_20250604T084721
2025-06-06,ManchaKhiri,มัญจาคีรี,16.0988,102.4899,0.5814,0.3846,0.5675,0.9679,0.7618,False,39.5854,S2A_MSIL2A_20250606T034201_R061_T48PTC_20250606T073218
2025-06-09,ManchaKhiri,มัญจาคีรี,16.0988,102.4899,0.6268,,0.6201,0.6413,0.0893,False,36.471,S2B_MSIL2A_20250609T033539_R061_T48PTC_20250609T071418
2025-06-14,ManchaKhiri,มัญจาคีรี,16.0988,102.4899,0.5504,0.3384,0.532,0.9679,0.8459,False,72.5299,S2C_MSIL2A_20250614T033551_R061_T48PTC_20250614T090546
2025-06-24,ManchaKhiri,มัญจาคีรี,16.0988,102.4899,0.647,0.3337,0.6204,0.9256,0.8301,False,66.2569,S2C_MSIL2A_20250624T033551_R061_T48PTC_20250624T083123
2025-06-26,ManchaKhiri,มัญจาคีรี,16.0988,102.4899,0.5959,,0.5821,0.6463,0.1944,False,52.42,S2A_MSIL2A_20250626T034201_R061_T48PTC_20250626T073921
2025-08-03,ManchaKhiri,มัญจาคีรี,16.0988,102.4899,0.6717,0.3995,0.6455,1.0,1.0,False,56.3185,S2C_MSIL2A_20250803T033601_R061_T48PTC_20250803T085013
2025-08-05,ManchaKhiri,มัญจาคีรี,16.0988,102.4899,0.5866,,0.5702,0.7791,0.4974,False,49.6795,S2A_MSIL2A_20250805T034201_R061_T48PTC_20250805T075313
2025-08-08,ManchaKhiri,มัญจาคีรี,16.0988,102.4899,0.6841,0.4622,0.6618,0.9999,0.993,False,16.5511,S2B_MSIL2A_20250808T033539_R061_T48PTC_20250808T060936
2025-09-17,ManchaKhiri,มัญจาคีรี,16.0988,102.4899,0.7194,0.5245,0.6949,1.0,0.986,False,46.2535,S2B_MSIL2A_20250917T033529_R061_T48PTC_20250917T080730
2025-10-02,ManchaKhiri,มัญจาคีรี,16.0988,102.4899,0.7547,,0.7402,0.7534,0.5184,False,41.4439,S2C_MSIL2A_20251002T033611_R061_T48PTC_20251002T091721
2025-10-17,ManchaKhiri,มัญจาคีรี,16.0988,102.4899,0.6186,0.5874,0.6089,0.7941,0.8511,False,87.0829,S2B_MSIL2A_20251017T033639_R061_T48PTC_20251017T072721
2025-11-13,ManchaKhiri,มัญจาคีรี,16.0988,102.4899,0.6025,,0.5899,0.8221,0.3888,False,20.5596,S2A_MSIL2A_20251113T034201_R061_T48PTC_20251113T073413
2025-12-01,ManchaKhiri,มัญจาคีรี,16.0988,102.4899,0.7079,0.2923,0.6645,1.0,0.972,False,0.0004,S2C_MSIL2A_20251201T034131_R061_T48PTC_20251201T063318
2025-12-03,ManchaKhiri,มัญจาคีรี,16.0988,102.4899,0.6823,0.3026,0.6435,0.9925,0.9597,False,0.0277,S2A_MSIL2A_20251203T034201_R061_T48PTC_20251203T073813
2025-12-06,ManchaKhiri,มัญจาคีรี,16.0988,102.4899,0.6995,0.3046,0.6584,1.0,0.9615,False,0.0253,S2B_MSIL2A_20251206T034029_R061_T48PTC_20251206T055750
2025-12-16,ManchaKhiri,มัญจาคีรี,16.0988,102.4899,0.667,0.3216,0.6301,1.0,0.9632,False,0.1719,S2B_MSIL2A_20251216T034049_R061_T48PTC_20251216T055847
2025-12-21,ManchaKhiri,มัญจาคีรี,16.0988,102.4899,0.6238,0.3395,0.5942,1.0,0.9702,False,0.0011,S2C_MSIL2A_20251221T034201_R061_T48PTC_20251221T063507
2025-12-23,ManchaKhiri,มัญจาคีรี,16.0988,102.4899,0.6025,0.3431,0.5751,1.0,0.965,False,0.2306,S2A_MSIL2A_20251223T034211_R061_T48PTC_20251223T073224
2025-12-26,ManchaKhiri,มัญจาคีรี,16.0988,102.4899,0.5975,0.3465,0.5702,1.0,0.965,False,0.0,S2B_MSIL2A_20251226T034049_R061_T48PTC_20251226T061402
2025-12-31,ManchaKhiri,มัญจาคีรี,16.0988,102.4899,0.563,0.3467,0.5392,0.9997,0.9877,False,4.0149,S2C_MSIL2A_20251231T034151_R061_T48PTC_20251231T062811
2026-01-05,ManchaKhiri,มัญจาคีรี,16.0988,102.4899,0.5616,0.3431,0.5374,1.0,0.972,False,0.0127,S2B_MSIL2A_20260105T034039_R061_T48PTC_20260105T071813
2026-01-10,ManchaKhiri,มัญจาคีรี,16.0988,102.4899,0.5407,0.3354,0.5185,1.0,0.9877,False,15.2672,S2C_MSIL2A_20260110T034131_R061_T48PTC_20260110T063308
2026-01-12,ManchaKhiri,มัญจาคีรี,16.0988,102.4899,0.5174,0.3228,0.4962,1.0,0.993,False,0.0001,S2A_MSIL2A_20260112T034201_R061_T48PTC_20260112T073809
2026-01-15,ManchaKhiri,มัญจาคีรี,16.0988,102.4899,0.4977,0.3124,0.4773,0.9931,0.993,False,0.0005,S2B_MSIL2A_20260115T034009_R061_T48PTC_20260115T071831
2026-01-20,ManchaKhiri,มัญจาคีรี,16.0988,102.4899,0.4279,0.2984,0.4133,0.994,1.0,False,0.021,S2C_MSIL2A_20260120T034051_R061_T48PTC_20260120T062909
2026-01-25,ManchaKhiri,มัญจาคีรี,16.0988,102.4899,0.4538,0.3111,0.4382,1.0,0.993,False,16.6607,S2B_MSIL2A_20260125T033929_R061_T48PTC_20260125T072536
2026-01-30,ManchaKhiri,มัญจาคีรี,16.0988,102.4899,0.4321,0.3036,0.418,1.0,0.993,False,7.2163,S2C_MSIL2A_20260130T034001_R061_T48PTC_20260130T081910
2026-02-04,ManchaKhiri,มัญจาคีรี,16.0988,102.4899,0.419,0.2934,0.4053,1.0,0.9895,False,0.7364,S2B_MSIL2A_20260204T033839_R061_T48PTC_20260204T072652
2026-02-09,ManchaKhiri,มัญจาคีรี,16.0988,102.4899,0.3866,0.2927,0.3762,1.0,0.993,False,7.3863,S2C_MSIL2A_20260209T033911_R061_T48PTC_20260209T084809
2026-02-14,ManchaKhiri,มัญจาคีรี,16.0988,102.4899,0.361,0.2908,0.3532,1.0,1.0,False,50.6796,S2B_MSIL2A_20260214T033739_R061_T48PTC_20260214T072352
2026-02-19,ManchaKhiri,มัญจาคีรี,16.0988,102.4899,0.3405,0.2852,0.3347,1.0,0.9895,False,0.255,S2C_MSIL2A_20260219T033811_R061_T48PTC_20260219T084313
2026-02-24,ManchaKhiri,มัญจาคีรี,16.0988,102.4899,0.3163,0.291,0.3145,1.0,1.0,False,18.4945,S2B_MSIL2A_20260224T033629_R061_T48PTC_20260224T072653
2026-03-01,ManchaKhiri,มัญจาคีรี,16.0988,102.4899,0.3101,0.3045,0.3107,1.0,0.9877,False,3.0216,S2C_MSIL2A_20260301T033701_R061_T48PTC_20260301T091613
2026-03-06,ManchaKhiri,มัญจาคีรี,16.0988,102.4899,0.2931,0.2771,0.2932,0.6817,0.6602,False,26.5988,S2B_MSIL2A_20260306T033539_R061_T48PTC_20260306T072603
2026-03-11,ManchaKhiri,มัญจาคีรี,16.0988,102.4899,0.3222,0.3262,0.3242,1.0,0.993,False,4.4822,S2C_MSIL2A_20260311T033551_R061_T48PTC_20260311T091010
2026-03-13,ManchaKhiri,มัญจาคีรี,16.0988,102.4899,0.3228,0.3293,0.3251,1.0,0.993,False,17.4653,S2A_MSIL2A_20260313T034201_R061_T48PTC_20260313T074812
2026-03-16,ManchaKhiri,มัญจาคีรี,16.0988,102.4899,0.3089,0.3168,0.3113,1.0,0.993,False,0.0012,S2B_MSIL2A_20260316T033529_R061_T48PTC_20260316T072557
2026-03-21,ManchaKhiri,มัญจาคีรี,16.0988,102.4899,0.3187,0.3323,0.3214,1.0,0.993,False,0.0224,S2C_MSIL2A_20260321T033541_R061_T48PTC_20260321T090910
2026-03-31,ManchaKhiri,มัญจาคีรี,16.0988,102.4899,0.3233,0.29,0.3211,0.9989,0.993,False,3.5626,S2C_MSIL2A_20260331T033541_R061_T48PTC_20260331T085215
2026-04-05,ManchaKhiri,มัญจาคีรี,16.0988,102.4899,0.3175,0.2741,0.3144,1.0,1.0,False,0.0207,S2B_MSIL2A_20260405T033539_R061_T48PTC_20260405T072236
2026-04-10,ManchaKhiri,มัญจาคีรี,16.0988,102.4899,0.2717,0.2429,0.2694,1.0,1.0,False,2.8038,S2C_MSIL2A_20260410T033531_R061_T48PTC_20260410T090716
2026-04-12,ManchaKhiri,มัญจาคีรี,16.0988,102.4899,0.3033,0.2563,0.2998,1.0,1.0,False,0.0467,S2A_MSIL2A_20260412T034201_R061_T48PTC_20260412T083214
2026-04-15,ManchaKhiri,มัญจาคีรี,16.0988,102.4899,0.2914,0.2496,0.2883,1.0,1.0,False,0.3086,S2B_MSIL2A_20260415T033529_R061_T48PTC_20260415T072933
2026-04-20,ManchaKhiri,มัญจาคีรี,16.0988,102.4899,0.3283,0.2734,0.324,1.0,1.0,False,26.5396,S2C_MSIL2A_20260420T033531_R061_T48PTC_20260420T090921
2026-05-10,ManchaKhiri,มัญจาคีรี,16.0988,102.4899,0.3455,0.3128,0.3464,0.8848,0.9982,False,68.5002,S2C_MSIL2A_20260510T033541_R061_T48PTC_20260510T084112
2026-05-22,ManchaKhiri,มัญจาคีรี,16.0988,102.4899,0.4672,0.3371,0.4595,0.9911,0.7933,False,37.9799,S2A_MSIL2A_20260522T034201_R061_T48PTC_20260522T082600
2026-06-24,ManchaKhiri,มัญจาคีรี,16.0988,102.4899,0.4674,0.2753,0.4507,1.0,0.9877,False,24.0687,S2B_MSIL2A_20260624T033529_R061_T48PTC_20260624T073314
2026-09-07,ManchaKhiri,มัญจาคีรี,16.0988,102.4899,0.632,0.539,0.6224,0.7486,0.8984,False,72.6986,S2C_MSIL2A_20260907T033531_R061_T48PTC_20260907T084110
2026-10-02,ManchaKhiri,มัญจาคีรี,16.0988,102.4899,0.7252,0.5705,0.7083,1.0,0.993,False,27.0889,S2B_MSIL2A_20261002T033549_R061_T48PTC_20261002T072410
2023-10-20,NamPhong,น้ำพอง,16.7264,102.8756,0.6102,0.688,0.6321,1.0,1.0,False,22.3649,S2A_MSIL2A_20231020T032741_R018_T48QTD_20241112T194714;S2A_MSIL2A_20231020T032741_R018_T48QTD_20231020T082142
2023-10-23,NamPhong,น้ำพอง,16.7264,102.8756,0.6186,0.6842,0.6372,1.0,1.0,False,17.2774,S2A_MSIL2A_20231023T033811_R061_T48QTD_20231023T091913
2023-10-28,NamPhong,น้ำพอง,16.7264,102.8756,0.5246,0.6429,0.565,0.9069,0.9998,False,80.9729,S2B_MSIL2A_20231028T033839_R061_T48QTD_20241108T043030;S2B_MSIL2A_20231028T033839_R061_T48QTD_20231028T081123
2023-11-02,NamPhong,น้ำพอง,16.7264,102.8756,0.5593,0.6446,0.5836,1.0,0.9998,False,7.4071,S2A_MSIL2A_20231102T033911_R061_T48QTD_20241111T042929;S2A_MSIL2A_20231102T033911_R061_T48QTD_20231102T111931
2023-11-07,NamPhong,น้ำพอง,16.7264,102.8756,0.5283,0.5834,0.54,1.0,0.9998,False,40.9829,S2B_MSIL2A_20231107T033939_R061_T48QTD_20241023T095412;S2B_MSIL2A_20231107T033939_R061_T48QTD_20231107T081832
2023-11-12,NamPhong,น้ำพอง,16.7264,102.8756,0.4998,,0.5044,0.8558,0.5898,False,19.332,S2A_MSIL2A_20231112T034001_R061_T48QTD_20241108T223254;S2A_MSIL2A_20231112T034001_R061_T48QTD_20231112T094256
2023-11-14,NamPhong,น้ำพอง,16.7264,102.8756,0.3889,0.3638,0.3761,0.9346,0.913,False,25.3,S2B_MSIL2A_20231114T033009_R018_T48QTD_20241121T072903;S2B_MSIL2A_20231114T033009_R018_T48QTD_20231114T072615
2023-11-17,NamPhong,น้ำพอง,16.7264,102.8756,0.4892,0.4991,0.4815,0.9997,1.0,False,15.9289,S2B_MSIL2A_20231117T034029_R061_T48QTD_20241121T103308;S2B_MSIL2A_20231117T034029_R061_T48QTD_20231117T074513
2023-11-19,NamPhong,น้ำพอง,16.7264,102.8756,0.4935,0.4947,0.4815,1.0,1.0,False,11.9248,S2A_MSIL2A_20231119T033031_R018_T48QTD_20241109T063310;S2A_MSIL2A_20231119T033031_R018_T48QTD_20231119T083645
2023-11-22,NamPhong,น้ำพอง,16.7264,102.8756,0.5018,0.4958,0.4869,0.9997,0.9998,False,11.6538,S2A_MSIL2A_20231122T034041_R061_T48QTD_20241017T020206;S2A_MSIL2A_20231122T034041_R061_T48QTD_20231122T082335
2023-11-27,NamPhong,น้ำพอง,16.7264,102.8756,0.4697,0.4789,0.4607,1.0,0.9996,False,25.2039,S2B_MSIL2A_20231127T034059_R061_T48QTD_20231127T073808
2023-11-29,NamPhong,น้ำพอง,16.7264,102.8756,0.4572,0.4466,0.4422,1.0,1.0,False,42.6812,S2A_MSIL2A_20231129T033101_R018_T48QTD_20241110T174054;S2A_MSIL2A_20231129T033101_R018_T48QTD_20231129T081702
2023-12-04,NamPhong,น้ำพอง,16.7264,102.8756,0.4437,0.4405,0.4311,1.0,1.0,False,1.0687,S2B_MSIL2A_20231204T033119_R018_T48QTD_20241023T142531;S2B_MSIL2A_20231204T033119_R018_T48QTD_20231204T071917
2023-12-07,NamPhong,น้ำพอง,16.7264,102.8756,0.4474,0.456,0.4398,1.0,0.9996,False,9.1873,S2B_MSIL2A_20231207T034129_R061_T48QTD_20231207T074159
2023-12-09,NamPhong,น้ำพอง,16.7264,102.8756,0.4272,0.4334,0.4192,1.0,1.0,False,0.4709,S2A_MSIL2A_20231209T033131_R018_T48QTD_20241114T004637;S2A_MSIL2A_20231209T033131_R018_T48QTD_20231209T082024
2023-12-12,NamPhong,น้ำพอง,16.7264,102.8756,0.4446,0.4453,0.4345,1.0,0.9998,False,7.1494,S2A_MSIL2A_20231212T034141_R061_T48QTD_20241113T005459;S2A_MSIL2A_20231212T034141_R061_T48QTD_20231213T031934
2023-12-14,NamPhong,น้ำพอง,16.7264,102.8756,0.3966,0.3971,0.3886,1.0,0.9992,False,15.7463,S2B_MSIL2A_20231214T033139_R018_T48QTD_20231214T074602
2023-12-19,NamPhong,น้ำพอง,16.7264,102.8756,0.348,0.394,0.3625,0.788,0.9202,False,11.8024,S2A_MSIL2A_20231219T033141_R018_T48QTD_20231220T115243
2023-12-22,NamPhong,น้ำพอง,16.7264,102.8756,0.3773,0.394,0.3798,1.0,1.0,False,1.969,S2A_MSIL2A_20231222T034151_R061_T48QTD_20231222T082256
2023-12-24,NamPhong,น้ำพอง,16.7264,102.8756,0.3484,0.3698,0.3536,1.0,1.0,False,16.4834,S2B_MSIL2A_20231224T033149_R018_T48QTD_20231224T074750
2023-12-27,NamPhong,น้ำพอง,16.7264,102.8756,0.3528,0.3597,0.3548,1.0,1.0,False,0.0003,S2B_MSIL2A_20231227T034149_R061_T48QTD_20231227T074039
2023-12-29,NamPhong,น้ำพอง,16.7264,102.8756,0.3425,0.3319,0.3374,1.0,1.0,False,0.0138,S2A_MSIL2A_20231229T033141_R018_T48QTD_20231229T081735
2024-01-01,NamPhong,น้ำพอง,16.7264,102.8756,0.3535,0.3437,0.3491,1.0,0.9981,False,0.7743,S2A_MSIL2A_20240101T034141_R061_T48QTD_20240101T081858
2024-01-03,NamPhong,น้ำพอง,16.7264,102.8756,0.3208,0.3456,0.3305,0.7051,0.7527,False,0.27,S2B_MSIL2A_20240103T033139_R018_T48QTD_20240103T080408
2024-01-06,NamPhong,น้ำพอง,16.7264,102.8756,0.3375,0.3418,0.3388,0.9994,0.9996,False,0.0155,S2B_MSIL2A_20240106T034139_R061_T48QTD_20240106T075411
2024-01-08,NamPhong,น้ำพอง,16.7264,102.8756,0.3105,0.3075,0.3093,1.0,1.0,False,0.0978,S2A_MSIL2A_20240108T033121_R018_T48QTD_20240108T081439
2024-01-11,NamPhong,น้ำพอง,16.7264,102.8756,0.3179,0.3135,0.3165,1.0,1.0,False,0.0017,S2A_MSIL2A_20240111T034121_R061_T48QTD_20240111T081514
2024-01-13,NamPhong,น้ำพอง,16.7264,102.8756,0.2823,0.2791,0.282,1.0,1.0,False,66.5793,S2B_MSIL2A_20240113T033109_R018_T48QTD_20240113T080747
2024-01-16,NamPhong,น้ำพอง,16.7264,102.8756,0.3234,0.3087,0.3191,0.9913,1.0,False,2.0116,S2B_MSIL2A_20240116T034109_R061_T48QTD_20240116T091342
2024-01-18,NamPhong,น้ำพอง,16.7264,102.8756,0.3116,0.2975,0.3075,0.9921,1.0,False,0.0008,S2A_MSIL2A_20240118T033051_R018_T48QTD_20240118T081909
2024-01-21,NamPhong,น้ำพอง,16.7264,102.8756,0.3287,0.313,0.3236,0.9865,1.0,False,12.6422,S2A_MSIL2A_20240121T034041_R061_T48QTD_20240121T121823
2024-01-23,NamPhong,น้ำพอง,16.7264,102.8756,0.3226,0.3037,0.3167,1.0,1.0,False,13.3169,S2B_MSIL2A_20240123T033039_R018_T48QTD_20240123T071752
2024-01-26,NamPhong,น้ำพอง,16.7264,102.8756,0.3129,0.2773,0.3014,0.9881,1.0,False,0.858,S2B_MSIL2A_20240126T034029_R061_T48QTD_20240126T080742
2024-01-31,NamPhong,น้ำพอง,16.7264,102.8756,0.2892,0.2541,0.2788,1.0,1.0,False,27.6245,S2A_MSIL2A_20240131T034001_R061_T48QTD_20240131T081349
2024-02-02,NamPhong,น้ำพอง,16.7264,102.8756,0.3142,0.2597,0.2972,1.0,1.0,False,0.0009,S2B_MSIL2A_20240202T032949_R018_T48QTD_20240202T135749;S2B_MSIL2A_20240202T032949_R018_T48QTD_20240202T084835
2024-02-05,NamPhong,น้ำพอง,16.7264,102.8756,0.3222,0.2663,0.3052,0.9994,0.9834,False,0.0,S2B_MSIL2A_20240205T033939_R061_T48QTD_20240205T081009
2024-02-07,NamPhong,น้ำพอง,16.7264,102.8756,0.3203,0.263,0.3025,1.0,0.9924,False,0.0028,S2A_MSIL2A_20240207T032921_R018_T48QTD_20240207T081737
2024-02-12,NamPhong,น้ำพอง,16.7264,102.8756,0.3118,0.2536,0.2936,0.9946,0.989,False,0.0015,S2B_MSIL2A_20240212T032849_R018_T48QTD_20240212T072114
2024-02-15,NamPhong,น้ำพอง,16.7264,102.8756,0.3164,0.2543,0.2962,0.9827,0.9871,False,0.0002,S2B_MSIL2A_20240215T033839_R061_T48QTD_20240215T081452
2024-02-17,NamPhong,น้ำพอง,16.7264,102.8756,0.3005,0.2384,0.2799,0.9998,1.0,False,4.8811,S2A_MSIL2A_20240217T032821_R018_T48QTD_20240217T081721
2024-02-20,NamPhong,น้ำพอง,16.7264,102.8756,0.2939,0.2406,0.2773,1.0,0.9996,False,9.1846,S2A_MSIL2A_20240220T033801_R061_T48QTD_20240220T084633
2024-02-22,NamPhong,น้ำพอง,16.7264,102.8756,0.2856,0.2296,0.2677,1.0,1.0,False,6.221,S2B_MSIL2A_20240222T032749_R018_T48QTD_20240222T080947
2024-02-25,NamPhong,น้ำพอง,16.7264,102.8756,0.2953,0.2341,0.2754,1.0,1.0,False,9.5757,S2B_MSIL2A_20240225T033729_R061_T48QTD_20240225T081513
2024-02-27,NamPhong,น้ำพอง,16.7264,102.8756,0.2939,0.2315,0.274,1.0,1.0,False,0.0007,S2A_MSIL2A_20240227T032711_R018_T48QTD_20240227T091454
2024-03-03,NamPhong,น้ำพอง,16.7264,102.8756,0.287,0.2321,0.2691,1.0,1.0,False,22.4063,S2B_MSIL2A_20240303T032629_R018_T48QTD_20240303T080617
2024-03-06,NamPhong,น้ำพอง,16.7264,102.8756,0.2878,0.2328,0.2688,0.9942,1.0,False,49.8366,S2B_MSIL2A_20240306T033609_R061_T48QTD_20240306T080923
2024-03-08,NamPhong,น้ำพอง,16.7264,102.8756,0.2839,0.2248,0.2636,1.0,1.0,False,4.8961,S2A_MSIL2A_20240308T032601_R018_T48QTD_20240308T091544
2024-03-16,NamPhong,น้ำพอง,16.7264,102.8756,0.2685,0.2101,0.2473,0.9528,1.0,False,21.7246,S2B_MSIL2A_20240316T033539_R061_T48QTD_20240316T081225
2024-03-18,NamPhong,น้ำพอง,16.7264,102.8756,0.2796,0.2045,0.2529,1.0,1.0,False,20.5237,S2A_MSIL2A_20240318T032521_R018_T48QTD_20240318T091600
2024-03-21,NamPhong,น้ำพอง,16.7264,102.8756,0.3082,0.2454,0.2852,1.0,1.0,False,21.4658,S2A_MSIL2A_20240321T033541_R061_T48QTD_20240321T091004
2024-03-23,NamPhong,น้ำพอง,16.7264,102.8756,0.2937,0.2228,0.2677,1.0,1.0,False,2.1197,S2B_MSIL2A_20240323T032519_R018_T48QTD_20240323T080716
2024-03-26,NamPhong,น้ำพอง,16.7264,102.8756,0.2799,0.2141,0.2557,1.0,1.0,False,36.4635,S2B_MSIL2A_20240326T033539_R061_T48QTD_20240326T091651
2024-03-31,NamPhong,น้ำพอง,16.7264,102.8756,0.293,0.2184,0.2654,1.0,1.0,False,0.0216,S2A_MSIL2A_20240331T033531_R061_T48QTD_20240331T093038
2024-04-02,NamPhong,น้ำพอง,16.7264,102.8756,0.2927,0.2256,0.2676,1.0,1.0,False,0.0023,S2B_MSIL2A_20240402T032509_R018_T48QTD_20240402T095459
2024-04-05,NamPhong,น้ำพอง,16.7264,102.8756,0.279,0.2133,0.2542,1.0,1.0,False,0.0013,S2B_MSIL2A_20240405T033529_R061_T48QTD_20240405T103943
2024-04-07,NamPhong,น้ำพอง,16.7264,102.8756,0.2728,0.2082,0.2487,1.0,1.0,False,0.0012,S2A_MSIL2A_20240407T032511_R018_T48QTD_20240407T092013
2024-04-12,NamPhong,น้ำพอง,16.7264,102.8756,0.2991,0.2294,0.2728,1.0,1.0,False,0.3052,S2B_MSIL2A_20240412T032519_R018_T48QTD_20240412T074600
2024-04-15,NamPhong,น้ำพอง,16.7264,102.8756,0.2899,0.2208,0.264,1.0,1.0,False,0.3437,S2B_MSIL2A_20240415T033539_R061_T48QTD_20240415T082830
2024-04-17,NamPhong,น้ำพอง,16.7264,102.8756,0.2657,0.2085,0.244,1.0,1.0,False,2.2408,S2A_MSIL2A_20240417T032521_R018_T48QTD_20240417T101625
2024-04-20,NamPhong,น้ำพอง,16.7264,102.8756,0.2842,0.2137,0.2575,1.0,1.0,False,2.4578,S2A_MSIL2A_20240420T033541_R061_T48QTD_20240420T100829
2024-04-22,NamPhong,น้ำพอง,16.7264,102.8756,0.2679,0.2079,0.2454,0.9837,1.0,False,10.5208,S2B_MSIL2A_20240422T032519_R018_T48QTD_20240422T081855
2024-04-25,NamPhong,น้ำพอง,16.7264,102.8756,0.255,0.1926,0.2319,1.0,1.0,False,10.8926,S2B_MSIL2A_20240425T033539_R061_T48QTD_20240425T081131
2024-04-27,NamPhong,น้ำพอง,16.7264,102.8756,0.2558,0.1893,0.2314,1.0,1.0,False,0.0004,S2A_MSIL2A_20240427T032521_R018_T48QTD_20240427T101538
2024-04-30,NamPhong,น้ำพอง,16.7264,102.8756,0.255,0.1922,0.232,1.0,1.0,False,0.1122,S2A_MSIL2A_20240430T033541_R061_T48QTD_20240430T091403
2024-05-02,NamPhong,น้ำพอง,16.7264,102.8756,0.2428,0.1917,0.2242,1.0,1.0,False,0.0535,S2B_MSIL2A_20240502T032519_R018_T48QTD_20240502T081650
2024-05-05,NamPhong,น้ำพอง,16.7264,102.8756,0.2483,0.1889,0.2263,1.0,1.0,False,0.4526,S2B_MSIL2A_20240505T033539_R061_T48QTD_20240505T081303
2024-05-10,NamPhong,น้ำพอง,16.7264,102.8756,0.2978,,0.2693,0.7079,0.569,False,28.9383,S2A_MSIL2A_20240510T033541_R061_T48QTD_20240510T092008
2024-05-15,NamPhong,น้ำพอง,16.7264,102.8756,0.3587,0.2205,0.3022,0.7572,0.9221,False,33.9024,S2B_MSIL2A_20240515T033539_R061_T48QTD_20240515T081132
2024-05-20,NamPhong,น้ำพอง,16.7264,102.8756,0.3976,0.3283,0.3752,0.9536,0.8072,False,33.4561,S2A_MSIL2A_20240520T033541_R061_T48QTD_20240520T101531
2024-05-27,NamPhong,น้ำพอง,16.7264,102.8756,0.5169,0.4122,0.4779,0.9952,0.9989,False,29.3399,S2A_MSIL2A_20240527T032521_R018_T48QTD_20240527T101313
2024-05-30,NamPhong,น้ำพอง,16.7264,102.8756,0.5635,0.4741,0.5319,0.9998,0.9917,False,36.0948,S2A_MSIL2A_20240530T033541_R061_T48QTD_20240530T102247
2024-06-21,NamPhong,น้ำพอง,16.7264,102.8756,0.5387,0.48,0.5188,0.8957,0.7516,False,31.0397,S2B_MSIL2A_20240621T032519_R018_T48QTD_20240621T081506
2024-07-06,NamPhong,น้ำพอง,16.7264,102.8756,0.688,,0.6769,0.6438,0.5391,False,54.3195,S2A_MSIL2A_20240706T032521_R018_T48QTD_20240706T095508
2024-08-08,NamPhong,น้ำพอง,16.7264,102.8756,0.7141,,0.7001,0.6958,0.3958,False,51.4917,S2A_MSIL2A_20240808T033541_R061_T48QTD_20240808T102152
2024-08-10,NamPhong,น้ำพอง,16.7264,102.8756,0.7039,0.6118,0.668,0.738,0.7921,False,7.0728,S2B_MSIL2A_20240810T032519_R018_T48QTD_20240810T074108
2024-09-29,NamPhong,น้ำพอง,16.7264,102.8756,0.6979,0.7386,0.7134,0.7063,0.8994,False,17.2801,S2B_MSIL2A_20240929T032519_R018_T48QTD_20240929T075334
2024-10-04,NamPhong,น้ำพอง,16.7264,102.8756,0.698,0.7562,0.7198,1.0,1.0,False,0.1482,S2A_MSIL2A_20241004T032601_R018_T48QTD_20241004T073952
2024-10-07,NamPhong,น้ำพอง,16.7264,102.8756,0.6898,0.7586,0.7148,1.0,1.0,False,16.2997,S2A_MSIL2A_20241007T033631_R061_T48QTD_20241007T075446
2024-10-09,NamPhong,น้ำพอง,16.7264,102.8756,0.6685,0.7279,0.6903,1.0,1.0,False,16.2353,S2B_MSIL2A_20241009T032539_R018_T48QTD_20241009T064957
2024-10-22,NamPhong,น้ำพอง,16.7264,102.8756,0.5711,0.7326,0.6352,1.0,1.0,False,35.5888,S2B_MSIL2A_20241022T033719_R061_T48QTD_20241022T064409
2024-10-24,NamPhong,น้ำพอง,16.7264,102.8756,0.541,0.6984,0.6036,0.9344,0.9826,False,56.3651,S2A_MSIL2A_20241024T032811_R018_T48QTD_20241024T072254
2024-11-03,NamPhong,น้ำพอง,16.7264,102.8756,0.499,0.64,0.5543,0.9992,1.0,False,26.7395,S2A_MSIL2A_20241103T032911_R018_T48QTD_20241103T070851
2024-11-06,NamPhong,น้ำพอง,16.7264,102.8756,0.5332,0.661,0.5859,0.9899,1.0,False,81.3726,S2A_MSIL2A_20241106T033931_R061_T48QTD_20241106T065949
2024-11-08,NamPhong,น้ำพอง,16.7264,102.8756,0.4871,0.5775,0.5232,1.0,1.0,False,12.7162,S2B_MSIL2A_20241108T032839_R018_T48QTD_20241108T064826
2024-11-11,NamPhong,น้ำพอง,16.7264,102.8756,0.4975,0.5847,0.5335,1.0,0.9996,False,6.932,S2B_MSIL2A_20241111T033859_R061_T48QTD_20241111T063438
2024-11-13,NamPhong,น้ำพอง,16.7264,102.8756,0.4611,0.5324,0.4896,1.0,1.0,False,0.2182,S2A_MSIL2A_20241113T033001_R018_T48QTD_20241113T064548
2024-11-16,NamPhong,น้ำพอง,16.7264,102.8756,0.3798,,0.4336,0.668,0.5301,False,20.5286,S2A_MSIL2A_20241116T034021_R061_T48QTD_20241116T065454
2024-11-18,NamPhong,น้ำพอง,16.7264,102.8756,0.442,0.5109,0.468,1.0,1.0,False,1.9185,S2B_MSIL2A_20241118T032929_R018_T48QTD_20241118T054708
2024-11-21,NamPhong,น้ำพอง,16.7264,102.8756,0.4475,0.5162,0.4738,1.0,1.0,False,8.5616,S2B_MSIL2A_20241121T033949_R061_T48QTD_20241121T063511
2024-11-23,NamPhong,น้ำพอง,16.7264,102.8756,0.421,0.4884,0.4466,1.0,1.0,False,6.0979,S2A_MSIL2A_20241123T033051_R018_T48QTD_20241123T064812
2024-11-28,NamPhong,น้ำพอง,16.7264,102.8756,0.4205,0.4785,0.4423,1.0,1.0,False,36.0752,S2B_MSIL2A_20241128T033009_R018_T48QTD_20241128T053838
2024-12-01,NamPhong,น้ำพอง,16.7264,102.8756,0.4365,0.4931,0.4589,1.0,1.0,False,5.7388,S2B_MSIL2A_20241201T034029_R061_T48QTD_20241201T063331
2024-12-03,NamPhong,น้ำพอง,16.7264,102.8756,0.4055,0.4559,0.4242,1.0,1.0,False,9.5612,S2A_MSIL2A_20241203T033121_R018_T48QTD_20241203T064651
2024-12-06,NamPhong,น้ำพอง,16.7264,102.8756,0.4247,0.475,0.4434,1.0,1.0,False,1.4275,S2A_MSIL2A_20241206T034131_R061_T48QTD_20241206T070059
2024-12-08,NamPhong,น้ำพอง,16.7264,102.8756,0.405,0.4548,0.4235,0.9984,0.994,False,9.971,S2B_MSIL2A_20241208T033039_R018_T48QTD_20241208T062530
2024-12-16,NamPhong,น้ำพอง,16.7264,102.8756,0.4183,0.456,0.4327,1.0,0.9996,False,0.0028,S2A_MSIL2A_20241216T034151_R061_T48QTD_20241216T070953
2024-12-18,NamPhong,น้ำพอง,16.7264,102.8756,0.4007,0.4312,0.4127,1.0,1.0,False,0.0013,S2B_MSIL2A_20241218T033049_R018_T48QTD_20241218T100110
2024-12-21,NamPhong,น้ำพอง,16.7264,102.8756,0.4156,0.4431,0.4263,1.0,1.0,False,0.5151,S2B_MSIL2A_20241221T034059_R061_T48QTD_20241221T072432
2024-12-23,NamPhong,น้ำพอง,16.7264,102.8756,0.3916,0.4082,0.3988,1.0,1.0,False,8.2755,S2A_MSIL2A_20241223T033151_R018_T48QTD_20241223T064849
2024-12-26,NamPhong,น้ำพอง,16.7264,102.8756,0.3886,0.3958,0.3916,1.0,0.9955,False,0.1801,S2A_MSIL2A_20241226T034151_R061_T48QTD_20241226T064949
2024-12-28,NamPhong,น้ำพอง,16.7264,102.8756,0.379,0.3667,0.3759,1.0,1.0,False,34.0393,S2B_MSIL2A_20241228T033049_R018_T48QTD_20241228T061536
2024-12-31,NamPhong,น้ำพอง,16.7264,102.8756,0.3958,0.379,0.3912,1.0,0.9996,False,1.4313,S2B_MSIL2A_20241231T034049_R061_T48QTD_20241231T063102
2025-01-02,NamPhong,น้ำพอง,16.7264,102.8756,0.3802,0.359,0.3739,1.0,1.0,False,0.0011,S2A_MSIL2A_20250102T033141_R018_T48QTD_20250102T070655
2025-01-05,NamPhong,น้ำพอง,16.7264,102.8756,0.3943,0.3751,0.3887,1.0,0.994,False,6.367,S2A_MSIL2A_20250105T034131_R061_T48QTD_20250105T065151
2025-01-07,NamPhong,น้ำพอง,16.7264,102.8756,0.3792,0.3529,0.3707,1.0,1.0,False,28.7193,S2B_MSIL2A_20250107T033029_R018_T48QTD_20250107T071409
2025-01-10,NamPhong,น้ำพอง,16.7264,102.8756,0.3733,0.3453,0.365,0.9835,0.9059,False,21.7564,S2B_MSIL2A_20250110T034029_R061_T48QTD_20250110T061657
2025-01-12,NamPhong,น้ำพอง,16.7264,102.8756,0.3716,0.3428,0.3617,1.0,1.0,False,6.4423,S2A_MSIL2A_20250112T033111_R018_T48QTD_20250112T064453
2025-01-15,NamPhong,น้ำพอง,16.7264,102.8756,0.3732,0.3436,0.3636,1.0,0.9996,False,0.0686,S2A_MSIL2A_20250115T034111_R061_T48QTD_20250115T065649
2025-01-17,NamPhong,น้ำพอง,16.7264,102.8756,0.3596,0.3287,0.349,1.0,1.0,False,14.5668,S2B_MSIL2A_20250117T032959_R018_T48QTD_20250117T073102
2025-01-25,NamPhong,น้ำพอง,16.7264,102.8756,0.3479,0.3082,0.3319,0.9988,1.0,False,0.4878,S2C_MSIL2A_20250125T034101_R061_T48QTD_20250125T070953
2025-01-27,NamPhong,น้ำพอง,16.7264,102.8756,0.35,0.3059,0.3325,1.0,1.0,False,0.3119,S2B_MSIL2A_20250127T032919_R018_T48QTD_20250127T062622
2025-01-30,NamPhong,น้ำพอง,16.7264,102.8756,0.336,0.2946,0.319,1.0,1.0,False,24.252,S2B_MSIL2A_20250130T033909_R061_T48QTD_20250130T063218
2025-02-01,NamPhong,น้ำพอง,16.7264,102.8756,0.3392,0.2959,0.3215,1.0,1.0,False,12.0924,S2C_MSIL2A_20250201T033021_R018_T48QTD_20250201T084009
2025-02-06,NamPhong,น้ำพอง,16.7264,102.8756,0.3121,0.2734,0.2963,1.0,1.0,False,9.3261,S2B_MSIL2A_20250206T032829_R018_T48QTD_20250206T061554
2025-02-09,NamPhong,น้ำพอง,16.7264,102.8756,0.3338,0.2777,0.311,1.0,1.0,False,0.0001,S2B_MSIL2A_20250209T033819_R061_T48QTD_20250209T071508
2025-02-14,NamPhong,น้ำพอง,16.7264,102.8756,0.3219,0.2748,0.3032,1.0,1.0,False,0.001,S2C_MSIL2A_20250214T033901_R061_T48QTD_20250214T090512
2025-02-16,NamPhong,น้ำพอง,16.7264,102.8756,0.3035,0.2607,0.2872,1.0,1.0,False,0.002,S2B_MSIL2A_20250216T032729_R018_T48QTD_20250216T055937
2025-02-19,NamPhong,น้ำพอง,16.7264,102.8756,0.3131,0.2612,0.294,1.0,1.0,False,23.6332,S2B_MSIL2A_20250219T033709_R061_T48QTD_20250219T061922
2025-02-21,NamPhong,น้ำพอง,16.7264,102.8756,0.3023,0.2542,0.2851,1.0,1.0,False,4.438,S2C_MSIL2A_20250221T032811_R018_T48QTD_20250221T103912
2025-02-26,NamPhong,น้ำพอง,16.7264,102.8756,0.3038,0.2498,0.284,0.9982,0.9989,False,75.4868,S2B_MSIL2A_20250226T032619_R018_T48QTD_20250226T062048
2025-03-01,NamPhong,น้ำพอง,16.7264,102.8756,0.2918,0.2442,0.2735,1.0,0.9996,False,0.0521,S2B_MSIL2A_20250301T033559_R061_T48QTD_20250301T061709
2025-03-03,NamPhong,น้ำพอง,16.7264,102.8756,0.2863,,0.2685,0.7632,0.5974,False,44.5863,S2C_MSIL2A_20250303T032701_R018_T48QTD_20250303T084755
2025-03-06,NamPhong,น้ำพอง,16.7264,102.8756,0.3115,0.2587,0.2909,1.0,1.0,False,23.7598,S2C_MSIL2A_20250306T033641_R061_T48QTD_20250306T085914
2025-03-11,NamPhong,น้ำพอง,16.7264,102.8756,0.2872,0.2174,0.2616,1.0,0.997,False,0.1031,S2B_MSIL2A_20250311T033539_R061_T48QTD_20250311T072242
2025-03-16,NamPhong,น้ำพอง,16.7264,102.8756,0.322,0.2286,0.2895,1.0,1.0,False,12.527,S2C_MSIL2A_20250316T033601_R061_T48QTD_20250316T090315
2025-03-23,NamPhong,น้ำพอง,16.7264,102.8756,0.3393,0.24,0.3056,1.0,1.0,False,0.0042,S2C_MSIL2A_20250323T032541_R018_T48QTD_20250323T091110
2025-03-25,NamPhong,น้ำพอง,16.7264,102.8756,0.3319,0.2362,0.2992,1.0,1.0,False,0.0025,S2A_MSIL2A_20250325T033151_R018_T48QTD_20250325T111922
2025-03-26,NamPhong,น้ำพอง,16.7264,102.8756,0.3305,0.2388,0.2989,1.0,1.0,False,0.0252,S2C_MSIL2A_20250326T033601_R061_T48QTD_20250326T085914
2025-03-28,NamPhong,น้ำพอง,16.7264,102.8756,0.3207,0.237,0.2922,1.0,1.0,False,1.6049,S2B_MSIL2A_20250328T032519_R018_T48QTD_20250328T064046
2025-04-02,NamPhong,น้ำพอง,16.7264,102.8756,0.3488,0.2617,0.3196,1.0,1.0,False,3.2679,S2C_MSIL2A_20250402T032601_R018_T48QTD_20250402T083706
2025-04-05,NamPhong,น้ำพอง,16.7264,102.8756,0.3406,0.2507,0.31,1.0,1.0,False,41.7079,S2C_MSIL2A_20250405T033601_R061_T48QTD_20250405T083512
2025-04-07,NamPhong,น้ำพอง,16.7264,102.8756,0.3028,0.2317,0.2778,1.0,1.0,False,34.789,S2A_MSIL2A_20250407T034201_R061_T48QTD_20250407T083514;S2B_MSIL2A_20250407T032519_R018_T48QTD_20250407T071831
2025-04-15,NamPhong,น้ำพอง,16.7264,102.8756,0.3285,0.2259,0.2933,1.0,1.0,False,20.956,S2C_MSIL2A_20250415T033601_R061_T48QTD_20250415T082837
2025-04-22,NamPhong,น้ำพอง,16.7264,102.8756,0.328,0.2204,0.2897,1.0,1.0,False,66.1104,S2C_MSIL2A_20250422T032601_R018_T48QTD_20250422T082812
2025-04-25,NamPhong,น้ำพอง,16.7264,102.8756,0.3269,0.2214,0.289,1.0,1.0,False,9.6935,S2C_MSIL2A_20250425T033601_R061_T48QTD_20250425T091814
2025-05-02,NamPhong,น้ำพอง,16.7264,102.8756,0.4112,0.27,0.36,1.0,1.0,False,13.5675,S2C_MSIL2A_20250502T032601_R018_T48QTD_20250502T083214
2025-05-04,NamPhong,น้ำพอง,16.7264,102.8756,0.3834,0.2414,0.3328,1.0,1.0,False,6.9674,S2A_MSIL2A_20250504T033151_R018_T48QTD_20250504T081928
2025-05-05,NamPhong,น้ำพอง,16.7264,102.8756,0.3747,0.2391,0.3244,1.0,1.0,False,41.1305,S2C_MSIL2A_20250505T033601_R061_T48QTD_20250505T084312
2025-06-04,NamPhong,น้ำพอง,16.7264,102.8756,0.6949,0.4472,0.5978,1.0,1.0,False,26.167,S2C_MSIL2A_20250604T033601_R061_T48QTD_20250604T084721
2025-06-06,NamPhong,น้ำพอง,16.7264,102.8756,0.6842,0.4458,0.5896,0.8002,0.7724,False,55.1294,S2A_MSIL2A_20250606T034201_R061_T48QTD_20250606T073218;S2B_MSIL2A_20250606T032519_R018_T48QTD_20250606T071450
2025-07-29,NamPhong,น้ำพอง,16.7264,102.8756,0.7412,0.5409,0.667,0.9344,0.9342,False,58.0826,S2B_MSIL2A_20250729T033539_R061_T48QTD_20250729T072952
2025-08-03,NamPhong,น้ำพอง,16.7264,102.8756,0.7346,0.5074,0.6503,1.0,1.0,False,58.4783,S2C_MSIL2A_20250803T033601_R061_T48QTD_20250803T085013
2025-08-05,NamPhong,น้ำพอง,16.7264,102.8756,0.7271,0.5102,0.6504,0.8705,0.7709,False,23.355,S2A_MSIL2A_20250805T034201_R061_T48QTD_20250805T075313
2025-10-09,NamPhong,น้ำพอง,16.7264,102.8756,0.719,0.6049,0.6756,1.0,1.0,False,27.8177,S2C_MSIL2A_20251009T032651_R018_T48QTD_20251009T101518
2025-10-17,NamPhong,น้ำพอง,16.7264,102.8756,0.5842,0.491,0.5469,0.7457,0.769,False,41.5173,S2B_MSIL2A_20251017T033639_R061_T48QTD_20251017T072721
2025-10-19,NamPhong,น้ำพอง,16.7264,102.8756,0.7328,0.579,0.6772,1.0,1.0,False,21.8376,S2C_MSIL2A_20251019T032751_R018_T48QTD_20251019T100517
2025-10-24,NamPhong,น้ำพอง,16.7264,102.8756,0.5827,0.4816,0.5473,0.8544,0.7149,False,28.9002,S2B_MSIL2A_20251024T032719_R018_T48QTD_20251024T055528
2025-10-27,NamPhong,น้ำพอง,16.7264,102.8756,0.388,,0.3644,0.6138,0.5701,True,88.2494,S2B_MSIL2A_20251027T033739_R061_T48QTD_20251027T072446
2025-10-29,NamPhong,น้ำพอง,16.7264,102.8756,0.6674,0.4507,0.5934,1.0,1.0,False,7.6054,S2C_MSIL2A_20251029T033501_R018_T48QTD_20251029T063316
2025-11-23,NamPhong,น้ำพอง,16.7264,102.8756,0.7065,0.2635,0.5492,1.0,1.0,False,4.6699,S2B_MSIL2A_20251123T032949_R018_T48QTD_20251123T054659
2025-12-01,NamPhong,น้ำพอง,16.7264,102.8756,0.7012,0.2411,0.5357,1.0,1.0,False,0.0003,S2C_MSIL2A_20251201T034131_R061_T48QTD_20251201T063318
2025-12-03,NamPhong,น้ำพอง,16.7264,102.8756,0.6617,0.2445,0.5116,1.0,1.0,False,0.3556,S2A_MSIL2A_20251203T034201_R061_T48QTD_20251203T073813;S2B_MSIL2A_20251203T033019_R018_T48QTD_20251203T052923
2025-12-06,NamPhong,น้ำพอง,16.7264,102.8756,0.675,0.2406,0.5183,1.0,1.0,False,2.4928,S2B_MSIL2A_20251206T034029_R061_T48QTD_20251206T055750
2025-12-16,NamPhong,น้ำพอง,16.7264,102.8756,0.6334,0.2546,0.4972,1.0,0.9996,False,0.5178,S2B_MSIL2A_20251216T034049_R061_T48QTD_20251216T055847
2025-12-18,NamPhong,น้ำพอง,16.7264,102.8756,0.5767,0.2567,0.4607,1.0,1.0,False,0.8889,S2C_MSIL2A_20251218T033151_R018_T48QTD_20251218T072812
2025-12-21,NamPhong,น้ำพอง,16.7264,102.8756,0.5863,0.2703,0.4755,1.0,1.0,False,8.1147,S2C_MSIL2A_20251221T034201_R061_T48QTD_20251221T073411;S2C_MSIL2A_20251221T034201_R061_T48QTD_20251221T063507
2025-12-23,NamPhong,น้ำพอง,16.7264,102.8756,0.5173,0.2687,0.4333,0.9995,0.9996,False,0.5158,S2A_MSIL2A_20251223T034211_R061_T48QTD_20251223T073224;S2B_MSIL2A_20251223T033049_R018_T48QTD_20251223T071315
2025-12-26,NamPhong,น้ำพอง,16.7264,102.8756,0.4996,0.2764,0.4273,1.0,1.0,False,0.0003,S2B_MSIL2A_20251226T034049_R061_T48QTD_20251226T061402
2025-12-30,NamPhong,น้ำพอง,16.7264,102.8756,0.4429,0.2737,0.3885,1.0,1.0,False,3.6511,S2A_MSIL2A_20251230T033201_R018_T48QTD_20251230T072310
2025-12-31,NamPhong,น้ำพอง,16.7264,102.8756,0.4534,0.2842,0.3993,1.0,1.0,False,0.1482,S2C_MSIL2A_20251231T034151_R061_T48QTD_20251231T062811
2026-01-02,NamPhong,น้ำพอง,16.7264,102.8756,0.4553,0.2793,0.3981,1.0,1.0,False,0.0022,S2B_MSIL2A_20260102T033039_R018_T48QTD_20260102T071133
2026-01-05,NamPhong,น้ำพอง,16.7264,102.8756,0.4679,0.2882,0.4083,1.0,1.0,False,0.0448,S2B_MSIL2A_20260105T034039_R061_T48QTD_20260105T071813
2026-01-07,NamPhong,น้ำพอง,16.7264,102.8756,0.4587,0.2797,0.3988,1.0,1.0,False,0.0009,S2C_MSIL2A_20260107T033131_R018_T48QTD_20260107T061409
2026-01-10,NamPhong,น้ำพอง,16.7264,102.8756,0.4519,0.2919,0.3981,1.0,0.9996,False,9.147,S2C_MSIL2A_20260110T034131_R061_T48QTD_20260110T063308
2026-01-12,NamPhong,น้ำพอง,16.7264,102.8756,0.4405,0.2811,0.3869,1.0,1.0,False,0.0014,S2A_MSIL2A_20260112T034201_R061_T48QTD_20260112T073809;S2B_MSIL2A_20260112T033019_R018_T48QTD_20260112T071021
2026-01-15,NamPhong,น้ำพอง,16.7264,102.8756,0.4085,0.2585,0.3584,1.0,1.0,False,0.0001,S2B_MSIL2A_20260115T034009_R061_T48QTD_20260115T071831
2026-01-17,NamPhong,น้ำพอง,16.7264,102.8756,0.3925,0.2564,0.3468,1.0,1.0,False,0.0638,S2C_MSIL2A_20260117T033101_R018_T48QTD_20260117T061813
2026-01-20,NamPhong,น้ำพอง,16.7264,102.8756,0.4038,0.2683,0.3587,1.0,1.0,False,0.0075,S2C_MSIL2A_20260120T034051_R061_T48QTD_20260120T062909
2026-01-25,NamPhong,น้ำพอง,16.7264,102.8756,0.3932,0.2712,0.3524,1.0,1.0,False,8.03,S2B_MSIL2A_20260125T033929_R061_T48QTD_20260125T072536
2026-01-27,NamPhong,น้ำพอง,16.7264,102.8756,0.3896,0.2675,0.3486,1.0,1.0,False,0.0011,S2C_MSIL2A_20260127T033011_R018_T48QTD_20260127T070026
2026-01-30,NamPhong,น้ำพอง,16.7264,102.8756,0.3821,0.274,0.3453,1.0,1.0,False,29.4148,S2C_MSIL2A_20260130T034001_R061_T48QTD_20260130T081910
2026-02-01,NamPhong,น้ำพอง,16.7264,102.8756,0.376,0.2704,0.3399,1.0,1.0,False,0.0365,S2B_MSIL2A_20260201T032849_R018_T48QTD_20260201T072029
2026-02-04,NamPhong,น้ำพอง,16.7264,102.8756,0.3824,0.2716,0.3439,1.0,1.0,False,0.074,S2B_MSIL2A_20260204T033839_R061_T48QTD_20260204T072652
2026-02-06,NamPhong,น้ำพอง,16.7264,102.8756,0.3729,0.2653,0.3355,1.0,1.0,False,0.4608,S2C_MSIL2A_20260206T032921_R018_T48QTD_20260206T082512
2026-02-09,NamPhong,น้ำพอง,16.7264,102.8756,0.3778,0.2811,0.3436,1.0,1.0,False,31.4082,S2C_MSIL2A_20260209T033911_R061_T48QTD_20260209T084809
2026-02-11,NamPhong,น้ำพอง,16.7264,102.8756,0.3673,0.2734,0.334,1.0,1.0,False,0.7331,S2B_MSIL2A_20260211T032749_R018_T48QTD_20260211T071340
2026-02-14,NamPhong,น้ำพอง,16.7264,102.8756,0.3571,0.2851,0.3313,1.0,1.0,False,26.2143,S2B_MSIL2A_20260214T033739_R061_T48QTD_20260214T072352
2026-02-16,NamPhong,น้ำพอง,16.7264,102.8756,0.3478,0.2753,0.3218,1.0,1.0,False,0.0007,S2C_MSIL2A_20260216T032821_R018_T48QTD_20260216T084011
2026-02-19,NamPhong,น้ำพอง,16.7264,102.8756,0.3429,0.2868,0.3227,1.0,1.0,False,6.3091,S2C_MSIL2A_20260219T033811_R061_T48QTD_20260219T084313
2026-02-21,NamPhong,น้ำพอง,16.7264,102.8756,0.3495,0.2925,0.3282,1.0,1.0,False,0.0005,S2B_MSIL2A_20260221T032649_R018_T48QTD_20260221T085857
2026-02-24,NamPhong,น้ำพอง,16.7264,102.8756,0.3298,0.2977,0.317,1.0,1.0,False,4.0462,S2B_MSIL2A_20260224T033629_R061_T48QTD_20260224T072653
2026-03-01,NamPhong,น้ำพอง,16.7264,102.8756,0.3358,0.3273,0.3334,1.0,1.0,False,2.4839,S2C_MSIL2A_20260301T033701_R061_T48QTD_20260301T091613
2026-03-03,NamPhong,น้ำพอง,16.7264,102.8756,0.3428,0.3332,0.3403,1.0,1.0,False,0.174,S2B_MSIL2A_20260303T032539_R018_T48QTD_20260303T085226
2026-03-06,NamPhong,น้ำพอง,16.7264,102.8756,0.3249,0.3642,0.3385,0.9798,0.8476,False,79.8717,S2B_MSIL2A_20260306T033539_R061_T48QTD_20260306T072603
2026-03-08,NamPhong,น้ำพอง,16.7264,102.8756,0.3641,0.3685,0.3667,1.0,1.0,False,0.0029,S2C_MSIL2A_20260308T032601_R018_T48QTD_20260308T090313
2026-03-11,NamPhong,น้ำพอง,16.7264,102.8756,0.3658,0.3817,0.3715,1.0,1.0,False,19.3382,S2C_MSIL2A_20260311T033551_R061_T48QTD_20260311T091010
2026-03-13,NamPhong,น้ำพอง,16.7264,102.8756,0.3632,0.3801,0.3684,0.9988,1.0,False,0.4752,S2A_MSIL2A_20260313T034201_R061_T48QTD_20260313T074812;S2B_MSIL2A_20260313T032529_R018_T48QTD_20260313T071527
2026-03-16,NamPhong,น้ำพอง,16.7264,102.8756,0.3627,0.3708,0.3642,1.0,1.0,False,1.0235,S2B_MSIL2A_20260316T033529_R061_T48QTD_20260316T072557
2026-03-18,NamPhong,น้ำพอง,16.7264,102.8756,0.3024,0.2863,0.2944,1.0,1.0,False,0.2779,S2C_MSIL2A_20260318T032521_R018_T48QTD_20260318T084912
2026-03-23,NamPhong,น้ำพอง,16.7264,102.8756,0.3595,0.3519,0.3536,1.0,1.0,False,4.7051,S2B_MSIL2A_20260323T032529_R018_T48QTD_20260323T071407
2026-03-26,NamPhong,น้ำพอง,16.7264,102.8756,0.3568,0.3474,0.3495,1.0,1.0,False,1.0879,S2B_MSIL2A_20260326T033529_R061_T48QTD_20260326T072041
2026-03-28,NamPhong,น้ำพอง,16.7264,102.8756,0.3659,0.3412,0.3529,1.0,1.0,False,1.7236,S2C_MSIL2A_20260328T032541_R018_T48QTD_20260328T083810
2026-03-30,NamPhong,น้ำพอง,16.7264,102.8756,0.3444,0.3208,0.3318,1.0,1.0,False,0.043,S2A_MSIL2A_20260330T033201_R018_T48QTD_20260330T071856
2026-03-31,NamPhong,น้ำพอง,16.7264,102.8756,0.3478,0.3332,0.3384,1.0,1.0,False,4.7137,S2C_MSIL2A_20260331T033541_R061_T48QTD_20260331T085215
2026-04-02,NamPhong,น้ำพอง,16.7264,102.8756,0.3242,0.3158,0.317,1.0,1.0,False,0.1236,S2B_MSIL2A_20260402T032519_R018_T48QTD_20260402T071557
2026-04-05,NamPhong,น้ำพอง,16.7264,102.8756,0.3307,0.3312,0.324,1.0,1.0,False,0.0131,S2B_MSIL2A_20260405T033539_R061_T48QTD_20260405T072236
2026-04-07,NamPhong,น้ำพอง,16.7264,102.8756,0.3059,0.3064,0.3004,1.0,1.0,False,0.0035,S2C_MSIL2A_20260407T032531_R018_T48QTD_20260407T085008
2026-04-10,NamPhong,น้ำพอง,16.7264,102.8756,0.3076,0.3036,0.2997,0.9992,1.0,False,0.0232,S2C_MSIL2A_20260410T033531_R061_T48QTD_20260410T090716
2026-04-12,NamPhong,น้ำพอง,16.7264,102.8756,0.3091,0.2959,0.298,0.9873,1.0,False,0.0134,S2A_MSIL2A_20260412T034201_R061_T48QTD_20260412T083214;S2B_MSIL2A_20260412T032539_R018_T48QTD_20260412T071438
2026-04-15,NamPhong,น้ำพอง,16.7264,102.8756,0.2944,0.2809,0.2839,1.0,1.0,False,0.3171,S2B_MSIL2A_20260415T033529_R061_T48QTD_20260415T072933
2026-04-17,NamPhong,น้ำพอง,16.7264,102.8756,0.2902,0.2784,0.2805,1.0,1.0,False,2.0596,S2C_MSIL2A_20260417T032531_R018_T48QTD_20260417T082615
2026-04-20,NamPhong,น้ำพอง,16.7264,102.8756,0.229,0.2288,0.2248,0.9605,0.921,False,13.1879,S2C_MSIL2A_20260420T033531_R061_T48QTD_20260420T090921
2026-04-22,NamPhong,น้ำพอง,16.7264,102.8756,0.3048,0.2817,0.2915,1.0,1.0,False,21.5206,S2B_MSIL2A_20260422T032529_R018_T48QTD_20260422T071310
2026-04-27,NamPhong,น้ำพอง,16.7264,102.8756,0.2916,0.274,0.2807,1.0,1.0,False,50.807,S2C_MSIL2A_20260427T032541_R018_T48QTD_20260427T083057
2026-05-09,NamPhong,น้ำพอง,16.7264,102.8756,0.4111,0.4483,0.4141,0.9498,0.7962,False,6.6253,S2A_MSIL2A_20260509T033151_R018_T48QTD_20260509T100517
2026-05-15,NamPhong,น้ำพอง,16.7264,102.8756,0.4655,0.4367,0.4427,1.0,1.0,False,60.943,S2B_MSIL2A_20260515T033529_R061_T48QTD_20260515T073550
2026-05-27,NamPhong,น้ำพอง,16.7264,102.8756,0.6337,0.5798,0.5992,0.9871,0.994,False,17.3401,S2C_MSIL2A_20260527T032511_R018_T48QTD_20260527T082311
2026-06-14,NamPhong,น้ำพอง,16.7264,102.8756,0.6287,0.636,0.6245,0.7386,0.9554,False,26.2386,S2B_MSIL2A_20260614T033529_R061_T48QTD_20260614T072749
2026-06-16,NamPhong,น้ำพอง,16.7264,102.8756,0.5991,0.5979,0.5858,1.0,1.0,False,39.0031,S2C_MSIL2A_20260616T032541_R018_T48QTD_20260616T081913
2026-06-26,NamPhong,น้ำพอง,16.7264,102.8756,0.5842,0.5666,0.5608,1.0,1.0,False,5.6792,S2C_MSIL2A_20260626T032531_R018_T48QTD_20260626T081612
2026-07-18,NamPhong,น้ำพอง,16.7264,102.8756,0.636,0.608,0.6105,1.0,1.0,False,28.2175,S2A_MSIL2A_20260718T033201_R018_T48QTD_20260718T071611
2026-07-19,NamPhong,น้ำพอง,16.7264,102.8756,0.6057,0.5773,0.5816,0.9044,0.9047,False,51.492,S2C_MSIL2A_20260719T033541_R061_T48QTD_20260719T083917
2026-09-07,NamPhong,น้ำพอง,16.7264,102.8756,0.6834,0.6665,0.6689,1.0,1.0,False,70.2644,S2C_MSIL2A_20260907T033531_R061_T48QTD_20260907T084110
2026-09-12,NamPhong,น้ำพอง,16.7264,102.8756,0.6434,0.577,0.6112,0.9756,0.9414,False,47.1231,S2B_MSIL2A_20260912T033529_R061_T48QTD_20260912T073504
2026-09-29,NamPhong,น้ำพอง,16.7264,102.8756,0.678,0.6617,0.6634,0.7376,0.7924,False,50.3295,S2A_MSIL2A_20260929T034201_R061_T48QTD_20260929T071759;S2B_MSIL2A_20260929T032539_R018_T48QTD_20260929T071432
2026-10-02,NamPhong,น้ำพอง,16.7264,102.8756,0.6216,0.6406,0.6197,1.0,0.9985,False,27.7973,S2B_MSIL2A_20261002T033549_R061_T48QTD_20261002T072410
2023-10-23,NongRuea,หนองเรือ (ใกล้โรงงานน้ำตาลมิตรภูเวียง),16.5589,102.4372,0.7336,0.6717,0.7264,0.9749,0.9835,False,17.2774,S2A_MSIL2A_20231023T033811_R061_T48QTD_20231023T091913
2023-11-02,NongRuea,หนองเรือ (ใกล้โรงงานน้ำตาลมิตรภูเวียง),16.5589,102.4372,0.7599,0.6599,0.7496,1.0,0.9965,False,7.4071,S2A_MSIL2A_20231102T033911_R061_T48QTD_20241111T042929;S2A_MSIL2A_20231102T033911_R061_T48QTD_20231102T111931
2023-11-07,NongRuea,หนองเรือ (ใกล้โรงงานน้ำตาลมิตรภูเวียง),16.5589,102.4372,0.7566,0.6042,0.742,1.0,1.0,False,40.9829,S2B_MSIL2A_20231107T033939_R061_T48QTD_20241023T095412;S2B_MSIL2A_20231107T033939_R061_T48QTD_20231107T081832
2023-11-12,NongRuea,หนองเรือ (ใกล้โรงงานน้ำตาลมิตรภูเวียง),16.5589,102.4372,0.7157,0.5232,0.697,1.0,0.9976,False,19.332,S2A_MSIL2A_20231112T034001_R061_T48QTD_20241108T223254;S2A_MSIL2A_20231112T034001_R061_T48QTD_20231112T094256
2023-11-27,NongRuea,หนองเรือ (ใกล้โรงงานน้ำตาลมิตรภูเวียง),16.5589,102.4372,0.7056,0.3842,0.6775,0.9828,0.9764,False,25.2039,S2B_MSIL2A_20231127T034059_R061_T48QTD_20231127T073808
2023-12-07,NongRuea,หนองเรือ (ใกล้โรงงานน้ำตาลมิตรภูเวียง),16.5589,102.4372,0.6529,0.3761,0.6272,1.0,1.0,False,9.1873,S2B_MSIL2A_20231207T034129_R061_T48QTD_20231207T074159
2023-12-12,NongRuea,หนองเรือ (ใกล้โรงงานน้ำตาลมิตรภูเวียง),16.5589,102.4372,0.6326,0.3707,0.6078,1.0,1.0,False,7.1494,S2A_MSIL2A_20231212T034141_R061_T48QTD_20241113T005459;S2A_MSIL2A_20231212T034141_R061_T48QTD_20231213T031934
2023-12-17,NongRuea,หนองเรือ (ใกล้โรงงานน้ำตาลมิตรภูเวียง),16.5589,102.4372,0.5666,0.3424,0.546,0.9965,0.9929,False,20.302,S2B_MSIL2A_20231217T034149_R061_T48QTD_20231220T055333
2023-12-22,NongRuea,หนองเรือ (ใกล้โรงงานน้ำตาลมิตรภูเวียง),16.5589,102.4372,0.5507,0.3446,0.5318,0.996,0.9906,False,1.969,S2A_MSIL2A_20231222T034151_R061_T48QTD_20231222T082256
2023-12-27,NongRuea,หนองเรือ (ใกล้โรงงานน้ำตาลมิตรภูเวียง),16.5589,102.4372,0.5027,0.3335,0.4871,1.0,1.0,False,0.0003,S2B_MSIL2A_20231227T034149_R061_T48QTD_20231227T074039
2024-01-01,NongRuea,หนองเรือ (ใกล้โรงงานน้ำตาลมิตรภูเวียง),16.5589,102.4372,0.4455,0.3177,0.4342,1.0,1.0,False,0.7743,S2A_MSIL2A_20240101T034141_R061_T48QTD_20240101T081858
2024-01-06,NongRuea,หนองเรือ (ใกล้โรงงานน้ำตาลมิตรภูเวียง),16.5589,102.4372,0.4051,0.3087,0.396,1.0,1.0,False,0.0155,S2B_MSIL2A_20240106T034139_R061_T48QTD_20240106T075411
2024-01-11,NongRuea,หนองเรือ (ใกล้โรงงานน้ำตาลมิตรภูเวียง),16.5589,102.4372,0.3828,0.2869,0.3736,1.0,1.0,False,0.0017,S2A_MSIL2A_20240111T034121_R061_T48QTD_20240111T081514
2024-01-16,NongRuea,หนองเรือ (ใกล้โรงงานน้ำตาลมิตรภูเวียง),16.5589,102.4372,0.3847,0.3008,0.3774,0.9859,0.8608,False,2.0116,S2B_MSIL2A_20240116T034109_R061_T48QTD_20240116T091342
2024-01-21,NongRuea,หนองเรือ (ใกล้โรงงานน้ำตาลมิตรภูเวียง),16.5589,102.4372,0.3181,0.2662,0.313,1.0,1.0,False,12.6422,S2A_MSIL2A_20240121T034041_R061_T48QTD_20240121T121823
2024-01-26,NongRuea,หนองเรือ (ใกล้โรงงานน้ำตาลมิตรภูเวียง),16.5589,102.4372,0.3232,0.2648,0.319,1.0,1.0,False,0.858,S2B_MSIL2A_20240126T034029_R061_T48QTD_20240126T080742
2024-02-05,NongRuea,หนองเรือ (ใกล้โรงงานน้ำตาลมิตรภูเวียง),16.5589,102.4372,0.3038,0.2628,0.301,0.998,1.0,False,0.0,S2B_MSIL2A_20240205T033939_R061_T48QTD_20240205T081009
2024-02-15,NongRuea,หนองเรือ (ใกล้โรงงานน้ำตาลมิตรภูเวียง),16.5589,102.4372,0.2557,0.2453,0.2557,1.0,1.0,False,0.0002,S2B_MSIL2A_20240215T033839_R061_T48QTD_20240215T081452
2024-02-20,NongRuea,หนองเรือ (ใกล้โรงงานน้ำตาลมิตรภูเวียง),16.5589,102.4372,0.234,0.2349,0.2354,1.0,1.0,False,9.1846,S2A_MSIL2A_20240220T033801_R061_T48QTD_20240220T084633
2024-02-25,NongRuea,หนองเรือ (ใกล้โรงงานน้ำตาลมิตรภูเวียง),16.5589,102.4372,0.2346,0.238,0.2362,1.0,1.0,False,9.5757,S2B_MSIL2A_20240225T033729_R061_T48QTD_20240225T081513
2024-03-01,NongRuea,หนองเรือ (ใกล้โรงงานน้ำตาลมิตรภูเวียง),16.5589,102.4372,0.1994,0.1962,0.1995,1.0,1.0,False,43.0628,S2A_MSIL2A_20240301T033651_R061_T48QTD_20240301T092120
2024-03-16,NongRuea,หนองเรือ (ใกล้โรงงานน้ำตาลมิตรภูเวียง),16.5589,102.4372,0.2408,0.2294,0.2406,1.0,1.0,False,21.7246,S2B_MSIL2A_20240316T033539_R061_T48QTD_20240316T081225
2024-03-26,NongRuea,หนองเรือ (ใกล้โรงงานน้ำตาลมิตรภูเวียง),16.5589,102.4372,0.2378,0.2202,0.2373,1.0,1.0,False,36.4635,S2B_MSIL2A_20240326T033539_R061_T48QTD_20240326T091651
2024-03-31,NongRuea,หนองเรือ (ใกล้โรงงานน้ำตาลมิตรภูเวียง),16.5589,102.4372,0.2352,0.2276,0.2366,0.998,1.0,False,0.0216,S2A_MSIL2A_20240331T033531_R061_T48QTD_20240331T093038
2024-04-05,NongRuea,หนองเรือ (ใกล้โรงงานน้ำตาลมิตรภูเวียง),16.5589,102.4372,0.2642,0.2683,0.2666,1.0,1.0,False,0.0013,S2B_MSIL2A_20240405T033529_R061_T48QTD_20240405T103943
2024-04-15,NongRuea,หนองเรือ (ใกล้โรงงานน้ำตาลมิตรภูเวียง),16.5589,102.4372,0.2987,0.3154,0.3013,1.0,1.0,False,0.3437,S2B_MSIL2A_20240415T033539_R061_T48QTD_20240415T082830
2024-04-20,NongRuea,หนองเรือ (ใกล้โรงงานน้ำตาลมิตรภูเวียง),16.5589,102.4372,0.3226,0.3508,0.326,1.0,1.0,False,2.4578,S2A_MSIL2A_20240420T033541_R061_T48QTD_20240420T100829
2024-04-25,NongRuea,หนองเรือ (ใกล้โรงงานน้ำตาลมิตรภูเวียง),16.5589,102.4372,0.3214,0.3377,0.3233,1.0,1.0,False,10.8926,S2B_MSIL2A_20240425T033539_R061_T48QTD_20240425T081131
2024-04-30,NongRuea,หนองเรือ (ใกล้โรงงานน้ำตาลมิตรภูเวียง),16.5589,102.4372,0.3325,0.3292,0.3322,1.0,1.0,False,0.1122,S2A_MSIL2A_20240430T033541_R061_T48QTD_20240430T091403
2024-05-05,NongRuea,หนองเรือ (ใกล้โรงงานน้ำตาลมิตรภูเวียง),16.5589,102.4372,0.3673,0.3734,0.3676,1.0,1.0,False,0.4526,S2B_MSIL2A_20240505T033539_R061_T48QTD_20240505T081303
2024-05-10,NongRuea,หนองเรือ (ใกล้โรงงานน้ำตาลมิตรภูเวียง),16.5589,102.4372,0.3985,0.4117,0.3977,1.0,1.0,False,28.9383,S2A_MSIL2A_20240510T033541_R061_T48QTD_20240510T092008
2024-05-15,NongRuea,หนองเรือ (ใกล้โรงงานน้ำตาลมิตรภูเวียง),16.5589,102.4372,0.4113,0.4561,0.4155,0.6132,0.8656,False,33.9024,S2B_MSIL2A_20240515T033539_R061_T48QTD_20240515T081132
2024-06-19,NongRuea,หนองเรือ (ใกล้โรงงานน้ำตาลมิตรภูเวียง),16.5589,102.4372,0.5292,0.3119,0.5101,0.7117,0.9623,False,79.7478,S2A_MSIL2A_20240619T033541_R061_T48QTD_20240619T094140
2024-07-14,NongRuea,หนองเรือ (ใกล้โรงงานน้ำตาลมิตรภูเวียง),16.5589,102.4372,0.6231,0.3468,0.5996,1.0,1.0,False,34.7196,S2B_MSIL2A_20240714T033539_R061_T48QTD_20240714T090350
2024-08-28,NongRuea,หนองเรือ (ใกล้โรงงานน้ำตาลมิตรภูเวียง),16.5589,102.4372,0.7351,0.6738,0.7279,0.9395,0.9717,False,77.9376,S2A_MSIL2A_20240828T033531_R061_T48QTD_20240828T091300
2024-10-07,NongRuea,หนองเรือ (ใกล้โรงงานน้ำตาลมิตรภูเวียง),16.5589,102.4372,0.7055,0.7391,0.7053,1.0,1.0,False,16.2997,S2A_MSIL2A_20241007T033631_R061_T48QTD_20241007T075446
2024-10-12,NongRuea,หนองเรือ (ใกล้โรงงานน้ำตาลมิตรภูเวียง),16.5589,102.4372,0.6665,0.6849,0.6658,1.0,1.0,False,14.658,S2B_MSIL2A_20241012T033609_R061_T48QTD_20241012T073749
2024-10-17,NongRuea,หนองเรือ (ใกล้โรงงานน้ำตาลมิตรภูเวียง),16.5589,102.4372,0.632,0.6735,0.632,0.9553,1.0,False,67.2443,S2A_MSIL2A_20241017T033731_R061_T48QTD_20241017T074653
2024-10-22,NongRuea,หนองเรือ (ใกล้โรงงานน้ำตาลมิตรภูเวียง),16.5589,102.4372,0.6742,0.6959,0.6731,1.0,1.0,False,35.5888,S2B_MSIL2A_20241022T033719_R061_T48QTD_20241022T064409
2024-11-11,NongRuea,หนองเรือ (ใกล้โรงงานน้ำตาลมิตรภูเวียง),16.5589,102.4372,0.6806,0.5349,0.6664,1.0,1.0,False,6.932,S2B_MSIL2A_20241111T033859_R061_T48QTD_20241111T063438
2024-11-16,NongRuea,หนองเรือ (ใกล้โรงงานน้ำตาลมิตรภูเวียง),16.5589,102.4372,0.6569,0.3759,0.6325,0.9436,1.0,False,20.5286,S2A_MSIL2A_20241116T034021_R061_T48QTD_20241116T065454
2024-11-21,NongRuea,หนองเรือ (ใกล้โรงงานน้ำตาลมิตรภูเวียง),16.5589,102.4372,0.6436,0.3455,0.6194,1.0,1.0,False,8.5616,S2B_MSIL2A_20241121T033949_R061_T48QTD_20241121T063511
2024-12-01,NongRuea,หนองเรือ (ใกล้โรงงานน้ำตาลมิตรภูเวียง),16.5589,102.4372,0.607,0.3135,0.5825,1.0,1.0,False,5.7388,S2B_MSIL2A_20241201T034029_R061_T48QTD_20241201T063331
2024-12-06,NongRuea,หนองเรือ (ใกล้โรงงานน้ำตาลมิตรภูเวียง),16.5589,102.4372,0.5948,0.2932,0.5696,1.0,0.9858,False,1.4275,S2A_MSIL2A_20241206T034131_R061_T48QTD_20241206T070059
2024-12-11,NongRuea,หนองเรือ (ใกล้โรงงานน้ำตาลมิตรภูเวียง),16.5589,102.4372,0.4667,0.274,0.4518,0.9838,1.0,False,49.5346,S2B_MSIL2A_20241211T034049_R061_T48QTD_20241211T082736
2024-12-16,NongRuea,หนองเรือ (ใกล้โรงงานน้ำตาลมิตรภูเวียง),16.5589,102.4372,0.412,0.2592,0.4019,1.0,0.9858,False,0.0028,S2A_MSIL2A_20241216T034151_R061_T48QTD_20241216T070953
2024-12-21,NongRuea,หนองเรือ (ใกล้โรงงานน้ำตาลมิตรภูเวียง),16.5589,102.4372,0.3889,0.2738,0.3818,0.9984,0.9953,False,0.5151,S2B_MSIL2A_20241221T034059_R061_T48QTD_20241221T072432
2024-12-26,NongRuea,หนองเรือ (ใกล้โรงงานน้ำตาลมิตรภูเวียง),16.5589,102.4372,0.3269,0.2444,0.323,1.0,0.9953,False,0.1801,S2A_MSIL2A_20241226T034151_R061_T48QTD_20241226T064949
2024-12-31,NongRuea,หนองเรือ (ใกล้โรงงานน้ำตาลมิตรภูเวียง),16.5589,102.4372,0.3341,0.2629,0.3311,0.9997,0.9929,False,1.4313,S2B_MSIL2A_20241231T034049_R061_T48QTD_20241231T063102
2025-01-05,NongRuea,หนองเรือ (ใกล้โรงงานน้ำตาลมิตรภูเวียง),16.5589,102.4372,0.3284,0.2784,0.3267,0.9997,0.9953,False,6.367,S2A_MSIL2A_20250105T034131_R061_T48QTD_20250105T065151
2025-01-10,NongRuea,หนองเรือ (ใกล้โรงงานน้ำตาลมิตรภูเวียง),16.5589,102.4372,0.2835,0.2544,0.283,0.9985,0.9811,False,21.7564,S2B_MSIL2A_20250110T034029_R061_T48QTD_20250110T061657
2025-01-15,NongRuea,หนองเรือ (ใกล้โรงงานน้ำตาลมิตรภูเวียง),16.5589,102.4372,0.2564,0.2391,0.2579,0.9999,0.9858,False,0.0686,S2A_MSIL2A_20250115T034111_R061_T48QTD_20250115T065649
2025-01-25,NongRuea,หนองเรือ (ใกล้โรงงานน้ำตาลมิตรภูเวียง),16.5589,102.4372,0.2433,0.243,0.2451,1.0,1.0,False,0.4878,S2C_MSIL2A_20250125T034101_R061_T48QTD_20250125T070953
2025-01-30,NongRuea,หนองเรือ (ใกล้โรงงานน้ำตาลมิตรภูเวียง),16.5589,102.4372,0.2191,0.2171,0.2206,0.7241,0.6486,False,24.252,S2B_MSIL2A_20250130T033909_R061_T48QTD_20250130T063218
2025-02-04,NongRuea,หนองเรือ (ใกล้โรงงานน้ำตาลมิตรภูเวียง),16.5589,102.4372,0.2193,0.2199,0.2211,1.0,0.9953,False,46.6031,S2C_MSIL2A_20250204T034001_R061_T48QTD_20250204T085314
2025-02-09,NongRuea,หนองเรือ (ใกล้โรงงานน้ำตาลมิตรภูเวียง),16.5589,102.4372,0.2173,0.2218,0.2198,1.0,0.9953,False,0.0001,S2B_MSIL2A_20250209T033819_R061_T48QTD_20250209T071508
2025-02-14,NongRuea,หนองเรือ (ใกล้โรงงานน้ำตาลมิตรภูเวียง),16.5589,102.4372,0.2234,0.2259,0.2256,1.0,0.9953,False,0.001,S2C_MSIL2A_20250214T033901_R061_T48QTD_20250214T090512
2025-02-19,NongRuea,หนองเรือ (ใกล้โรงงานน้ำตาลมิตรภูเวียง),16.5589,102.4372,0.2209,0.186,0.219,0.9373,0.9953,False,23.6332,S2B_MSIL2A_20250219T033709_R061_T48QTD_20250219T061922
2025-03-01,NongRuea,หนองเรือ (ใกล้โรงงานน้ำตาลมิตรภูเวียง),16.5589,102.4372,0.2191,0.1893,0.219,1.0,1.0,False,0.0521,S2B_MSIL2A_20250301T033559_R061_T48QTD_20250301T061709
2025-03-06,NongRuea,หนองเรือ (ใกล้โรงงานน้ำตาลมิตรภูเวียง),16.5589,102.4372,0.2441,0.2065,0.2433,1.0,1.0,False,23.7598,S2C_MSIL2A_20250306T033641_R061_T48QTD_20250306T085914
2025-03-11,NongRuea,หนองเรือ (ใกล้โรงงานน้ำตาลมิตรภูเวียง),16.5589,102.4372,0.2281,0.1842,0.2267,1.0,1.0,False,0.1031,S2B_MSIL2A_20250311T033539_R061_T48QTD_20250311T072242
2025-03-16,NongRuea,หนองเรือ (ใกล้โรงงานน้ำตาลมิตรภูเวียง),16.5589,102.4372,0.2595,0.2044,0.2576,1.0,1.0,False,12.527,S2C_MSIL2A_20250316T033601_R061_T48QTD_20250316T090315
2025-03-26,NongRuea,หนองเรือ (ใกล้โรงงานน้ำตาลมิตรภูเวียง),16.5589,102.4372,0.2743,0.2257,0.2722,1.0,1.0,False,0.0252,S2C_MSIL2A_20250326T033601_R061_T48QTD_20250326T085914
2025-04-05,NongRuea,หนองเรือ (ใกล้โรงงานน้ำตาลมิตรภูเวียง),16.5589,102.4372,0.3008,0.2169,0.2966,1.0,1.0,False,14.2407,S2C_MSIL2A_20250405T033601_R061_T48QTD_20250405T100815
2025-04-25,NongRuea,หนองเรือ (ใกล้โรงงานน้ำตาลมิตรภูเวียง),16.5589,102.4372,0.3744,0.235,0.3651,1.0,1.0,False,9.6935,S2C_MSIL2A_20250425T033601_R061_T48QTD_20250425T091814
2025-04-30,NongRuea,หนองเรือ (ใกล้โรงงานน้ำตาลมิตรภูเวียง),16.5589,102.4372,0.4057,0.2691,0.3962,1.0,1.0,False,26.9773,S2B_MSIL2A_20250430T033539_R061_T48QTD_20250430T071433
2025-05-05,NongRuea,หนองเรือ (ใกล้โรงงานน้ำตาลมิตรภูเวียง),16.5589,102.4372,0.4091,0.2282,0.3973,0.7166,0.6462,False,41.1305,S2C_MSIL2A_20250505T033601_R061_T48QTD_20250505T084312
2025-05-15,NongRuea,หนองเรือ (ใกล้โรงงานน้ำตาลมิตรภูเวียง),16.5589,102.4372,0.5283,0.3018,0.51,0.9975,1.0,False,89.4626,S2C_MSIL2A_20250515T033551_R061_T48QTD_20250515T091314
2025-06-04,NongRuea,หนองเรือ (ใกล้โรงงานน้ำตาลมิตรภูเวียง),16.5589,102.4372,0.6429,0.44,0.6244,1.0,1.0,False,26.167,S2C_MSIL2A_20250604T033601_R061_T48QTD_20250604T084721
2025-06-24,NongRuea,หนองเรือ (ใกล้โรงงานน้ำตาลมิตรภูเวียง),16.5589,102.4372,0.7239,,0.697,0.8329,0.5118,False,47.704,S2C_MSIL2A_20250624T033551_R061_T48QTD_20250624T083123
2025-08-05,NongRuea,หนองเรือ (ใกล้โรงงานน้ำตาลมิตรภูเวียง),16.5589,102.4372,0.7466,0.547,0.7234,0.7989,0.9245,False,23.355,S2A_MSIL2A_20250805T034201_R061_T48QTD_20250805T075313
2025-08-08,NongRuea,หนองเรือ (ใกล้โรงงานน้ำตาลมิตรภูเวียง),16.5589,102.4372,0.7756,0.5679,0.7545,1.0,1.0,False,22.2526,S2B_MSIL2A_20250808T033539_R061_T48QTD_20250808T060936
2025-08-28,NongRuea,หนองเรือ (ใกล้โรงงานน้ำตาลมิตรภูเวียง),16.5589,102.4372,0.4835,0.4553,0.4789,0.6398,0.9458,False,94.9517,S2B_MSIL2A_20250828T033539_R061_T48QTD_20250828T061956
2025-09-27,NongRuea,หนองเรือ (ใกล้โรงงานน้ำตาลมิตรภูเวียง),16.5589,102.4372,0.6874,,0.678,0.8023,0.5802,False,93.6187,S2B_MSIL2A_20250927T033539_R061_T48QTD_20250927T072544
2025-11-16,NongRuea,หนองเรือ (ใกล้โรงงานน้ำตาลมิตรภูเวียง),16.5589,102.4372,0.509,,0.5036,0.6654,0.3538,False,68.8278,S2B_MSIL2A_20251116T033929_R061_T48QTD_20251116T060242
2025-12-01,NongRuea,หนองเรือ (ใกล้โรงงานน้ำตาลมิตรภูเวียง),16.5589,102.4372,0.7364,0.3037,0.7022,1.0,1.0,False,0.0003,S2C_MSIL2A_20251201T034131_R061_T48QTD_20251201T063318
2025-12-03,NongRuea,หนองเรือ (ใกล้โรงงานน้ำตาลมิตรภูเวียง),16.5589,102.4372,0.7109,0.3078,0.6788,1.0,1.0,False,0.4035,S2A_MSIL2A_20251203T034201_R061_T48QTD_20251203T073813
2025-12-06,NongRuea,หนองเรือ (ใกล้โรงงานน้ำตาลมิตรภูเวียง),16.5589,102.4372,0.5044,0.3389,0.4887,0.8502,0.8656,True,2.4928,S2B_MSIL2A_20251206T034029_R061_T48QTD_20251206T055750
2025-12-16,NongRuea,หนองเรือ (ใกล้โรงงานน้ำตาลมิตรภูเวียง),16.5589,102.4372,0.6514,0.31,0.6245,1.0,0.9858,False,0.5178,S2B_MSIL2A_20251216T034049_R061_T48QTD_20251216T055847
2025-12-21,NongRuea,หนองเรือ (ใกล้โรงงานน้ำตาลมิตรภูเวียง),16.5589,102.4372,0.5899,0.3182,0.5689,1.0,1.0,False,7.0121,S2C_MSIL2A_20251221T034201_R061_T48QTD_20251221T063507
2025-12-23,NongRuea,หนองเรือ (ใกล้โรงงานน้ำตาลมิตรภูเวียง),16.5589,102.4372,0.5223,0.3045,0.506,1.0,0.9929,False,0.9042,S2A_MSIL2A_20251223T034211_R061_T48QTD_20251223T073224
2025-12-26,NongRuea,หนองเรือ (ใกล้โรงงานน้ำตาลมิตรภูเวียง),16.5589,102.4372,0.4798,0.3098,0.4678,1.0,1.0,False,0.0003,S2B_MSIL2A_20251226T034049_R061_T48QTD_20251226T061402
2025-12-31,NongRuea,หนองเรือ (ใกล้โรงงานน้ำตาลมิตรภูเวียง),16.5589,102.4372,0.4395,0.3096,0.4306,1.0,1.0,False,0.1482,S2C_MSIL2A_20251231T034151_R061_T48QTD_20251231T062811
2026-01-05,NongRuea,หนองเรือ (ใกล้โรงงานน้ำตาลมิตรภูเวียง),16.5589,102.4372,0.4285,0.2887,0.4185,1.0,0.9858,False,0.0448,S2B_MSIL2A_20260105T034039_R061_T48QTD_20260105T071813
2026-01-12,NongRuea,หนองเรือ (ใกล้โรงงานน้ำตาลมิตรภูเวียง),16.5589,102.4372,0.3543,0.2726,0.3491,1.0,1.0,False,0.0012,S2A_MSIL2A_20260112T034201_R061_T48QTD_20260112T073809
2026-01-15,NongRuea,หนองเรือ (ใกล้โรงงานน้ำตาลมิตรภูเวียง),16.5589,102.4372,0.314,0.2501,0.3102,1.0,1.0,False,0.0001,S2B_MSIL2A_20260115T034009_R061_T48QTD_20260115T071831
2026-01-20,NongRuea,หนองเรือ (ใกล้โรงงานน้ำตาลมิตรภูเวียง),16.5589,102.4372,0.3118,0.2552,0.3085,1.0,1.0,False,0.0075,S2C_MSIL2A_20260120T034051_R061_T48QTD_20260120T062909
2026-01-25,NongRuea,หนองเรือ (ใกล้โรงงานน้ำตาลมิตรภูเวียง),16.5589,102.4372,0.2939,0.2515,0.2919,1.0,0.9929,False,8.03,S2B_MSIL2A_20260125T033929_R061_T48QTD_20260125T072536
2026-02-04,NongRuea,หนองเรือ (ใกล้โรงงานน้ำตาลมิตรภูเวียง),16.5589,102.4372,0.24,0.2338,0.2415,1.0,0.9882,False,0.074,S2B_MSIL2A_20260204T033839_R061_T48QTD_20260204T072652
2026-02-14,NongRuea,หนองเรือ (ใกล้โรงงานน้ำตาลมิตรภูเวียง),16.5589,102.4372,0.2422,0.2331,0.2432,1.0,0.9929,False,26.2143,S2B_MSIL2A_20260214T033739_R061_T48QTD_20260214T072352
2026-02-19,NongRuea,หนองเรือ (ใกล้โรงงานน้ำตาลมิตรภูเวียง),16.5589,102.4372,0.2345,0.2221,0.2353,1.0,1.0,False,6.3091,S2C_MSIL2A_20260219T033811_R061_T48QTD_20260219T084313
2026-02-24,NongRuea,หนองเรือ (ใกล้โรงงานน้ำตาลมิตรภูเวียง),16.5589,102.4372,0.2455,0.2264,0.246,1.0,1.0,False,4.0462,S2B_MSIL2A_20260224T033629_R061_T48QTD_20260224T072653
2026-03-01,NongRuea,หนองเรือ (ใกล้โรงงานน้ำตาลมิตรภูเวียง),16.5589,102.4372,0.2337,0.2281,0.2361,1.0,0.9882,False,2.4839,S2C_MSIL2A_20260301T033701_R061_T48QTD_20260301T091613
2026-03-11,NongRuea,หนองเรือ (ใกล้โรงงานน้ำตาลมิตรภูเวียง),16.5589,102.4372,0.2846,0.2507,0.2846,1.0,1.0,False,19.3382,S2C_MSIL2A_20260311T033551_R061_T48QTD_20260311T091010
2026-03-13,NongRuea,หนองเรือ (ใกล้โรงงานน้ำตาลมิตรภูเวียง),16.5589,102.4372,0.2876,0.2487,0.2869,1.0,1.0,False,0.7886,S2A_MSIL2A_20260313T034201_R061_T48QTD_20260313T074812
2026-03-16,NongRuea,หนองเรือ (ใกล้โรงงานน้ำตาลมิตรภูเวียง),16.5589,102.4372,0.2923,0.2467,0.2911,1.0,1.0,False,1.0235,S2B_MSIL2A_20260316T033529_R061_T48QTD_20260316T072557
2026-03-21,NongRuea,หนองเรือ (ใกล้โรงงานน้ำตาลมิตรภูเวียง),16.5589,102.4372,0.3135,0.2509,0.3116,1.0,1.0,False,1.0067,S2C_MSIL2A_20260321T033541_R061_T48QTD_20260321T090910
2026-03-26,NongRuea,หนองเรือ (ใกล้โรงงานน้ำตาลมิตรภูเวียง),16.5589,102.4372,0.3265,0.2549,0.3228,1.0,1.0,False,1.0879,S2B_MSIL2A_20260326T033529_R061_T48QTD_20260326T072041
2026-03-31,NongRuea,หนองเรือ (ใกล้โรงงานน้ำตาลมิตรภูเวียง),16.5589,102.4372,0.3399,0.2589,0.3349,1.0,1.0,False,4.7137,S2C_MSIL2A_20260331T033541_R061_T48QTD_20260331T085215
2026-04-05,NongRuea,หนองเรือ (ใกล้โรงงานน้ำตาลมิตรภูเวียง),16.5589,102.4372,0.3581,0.2552,0.3509,1.0,1.0,False,0.0131,S2B_MSIL2A_20260405T033539_R061_T48QTD_20260405T072236
2026-04-10,NongRuea,หนองเรือ (ใกล้โรงงานน้ำตาลมิตรภูเวียง),16.5589,102.4372,0.3625,0.2419,0.3538,1.0,1.0,False,0.0232,S2C_MSIL2A_20260410T033531_R061_T48QTD_20260410T090716
2026-04-12,NongRuea,หนองเรือ (ใกล้โรงงานน้ำตาลมิตรภูเวียง),16.5589,102.4372,0.3568,0.2391,0.3482,1.0,1.0,False,0.0257,S2A_MSIL2A_20260412T034201_R061_T48QTD_20260412T083214
2026-04-15,NongRuea,หนองเรือ (ใกล้โรงงานน้ำตาลมิตรภูเวียง),16.5589,102.4372,0.3551,0.2401,0.3466,1.0,1.0,False,0.3171,S2B_MSIL2A_20260415T033529_R061_T48QTD_20260415T072933
2026-04-20,NongRuea,หนองเรือ (ใกล้โรงงานน้ำตาลมิตรภูเวียง),16.5589,102.4372,0.4054,0.2588,0.3945,1.0,1.0,False,13.1879,S2C_MSIL2A_20260420T033531_R061_T48QTD_20260420T090921
2026-05-15,NongRuea,หนองเรือ (ใกล้โรงงานน้ำตาลมิตรภูเวียง),16.5589,102.4372,0.4988,0.3333,0.4866,0.9808,0.9835,False,60.943,S2B_MSIL2A_20260515T033529_R061_T48QTD_20260515T073550
2026-05-25,NongRuea,หนองเรือ (ใกล้โรงงานน้ำตาลมิตรภูเวียง),16.5589,102.4372,0.5481,0.3621,0.5345,0.9758,0.9764,False,28.3726,S2B_MSIL2A_20260525T033529_R061_T48QTD_20260525T072503
2026-06-14,NongRuea,หนองเรือ (ใกล้โรงงานน้ำตาลมิตรภูเวียง),16.5589,102.4372,0.6569,0.2393,0.6239,1.0,1.0,False,26.2386,S2B_MSIL2A_20260614T033529_R061_T48QTD_20260614T072749
2026-06-24,NongRuea,หนองเรือ (ใกล้โรงงานน้ำตาลมิตรภูเวียง),16.5589,102.4372,0.6752,0.2525,0.6399,1.0,1.0,False,53.9385,S2B_MSIL2A_20260624T033529_R061_T48QTD_20260624T073314
2026-08-18,NongRuea,หนองเรือ (ใกล้โรงงานน้ำตาลมิตรภูเวียง),16.5589,102.4372,0.7269,0.542,0.7091,1.0,1.0,False,80.9935,S2C_MSIL2A_20260818T033531_R061_T48QTD_20260818T084111
2026-09-12,NongRuea,หนองเรือ (ใกล้โรงงานน้ำตาลมิตรภูเวียง),16.5589,102.4372,0.7225,0.5786,0.707,0.995,1.0,False,47.1231,S2B_MSIL2A_20260912T033529_R061_T48QTD_20260912T073504
2026-09-22,NongRuea,หนองเรือ (ใกล้โรงงานน้ำตาลมิตรภูเวียง),16.5589,102.4372,0.7421,0.6248,0.7323,0.9028,0.6863,False,33.2776,S2B_MSIL2A_20260922T033539_R061_T48QTD_20260922T072720
2026-09-27,NongRuea,หนองเรือ (ใกล้โรงงานน้ำตาลมิตรภูเวียง),16.5589,102.4372,0.6541,0.5283,0.643,0.9979,1.0,False,92.0496,S2C_MSIL2A_20260927T033541_R061_T48QTD_20260927T084310
2026-09-29,NongRuea,หนองเรือ (ใกล้โรงงานน้ำตาลมิตรภูเวียง),16.5589,102.4372,0.7743,0.6005,0.7589,1.0,1.0,False,55.1462,S2A_MSIL2A_20260929T034201_R061_T48QTD_20260929T071759
